conversion_id,click_id,conversion_time,publisher_id,offer_id,time_to_convert_seconds,status,rejection_reason,advertiser_revenue_vnd,publisher_payout_vnd,gross_margin_vnd
CONV_50892,CLK_117468,2026-08-01 01:54:46,PUB_095,OFF_CPS_01,944,Rejected,Duplicate Phone,0,0,0
CONV_50417,CLK_108475,2026-08-01 03:30:42,PUB_035,OFF_FIN_08,443,Approved,None,400000,290000,110000
CONV_50489,CLK_109807,2026-08-01 03:45:26,PUB_024,OFF_FIN_05,1165,Approved,None,110000,80000,30000
CONV_50886,CLK_117422,2026-08-01 05:02:45,PUB_012,OFF_FIN_06,1260,Approved,None,290000,210000,80000
CONV_50152,CLK_103276,2026-08-01 06:24:02,PUB_018,OFF_FIN_05,706,Rejected,Duplicate Phone,0,0,0
CONV_50828,CLK_116471,2026-08-01 07:28:16,PUB_009,OFF_CPO_05,988,Pending,Under Review,0,0,0
CONV_50594,CLK_111966,2026-08-01 08:33:45,PUB_018,OFF_CPO_01,1165,Approved,None,310000,220000,90000
CONV_51080,CLK_121200,2026-08-01 10:24:16,PUB_091,OFF_CPO_01,3,Fraud,Fake / Bot Traffic,0,0,0
CONV_50497,CLK_109949,2026-08-01 10:34:51,PUB_035,OFF_CPO_02,2361,Rejected,Duplicate Phone,0,0,0
CONV_50281,CLK_105738,2026-08-01 11:02:48,PUB_069,OFF_CPO_05,1774,Pending,Under Review,0,0,0
CONV_50889,CLK_117443,2026-08-01 12:09:52,PUB_011,OFF_FIN_03,178,Approved,None,145000,105000,40000
CONV_50185,CLK_103874,2026-08-01 12:29:16,PUB_061,OFF_CPO_05,2272,Approved,None,260000,180000,80000
CONV_50054,CLK_101087,2026-08-01 12:30:27,PUB_018,OFF_FIN_04,1789,Approved,None,480000,350000,130000
CONV_50866,CLK_117089,2026-08-01 12:59:21,PUB_024,OFF_FIN_06,2208,Pending,Under Review,0,0,0
CONV_51035,CLK_120350,2026-08-01 14:50:17,PUB_005,OFF_CPI_01,1621,Approved,None,45000,30000,15000
CONV_50664,CLK_113393,2026-08-01 16:00:40,PUB_077,OFF_CPO_03,1,Rejected,Duplicate Phone,0,0,0
CONV_50629,CLK_112605,2026-08-01 16:23:57,PUB_018,OFF_FIN_08,2032,Pending,Under Review,0,0,0
CONV_50371,CLK_107466,2026-08-01 22:58:37,PUB_042,OFF_FIN_08,4,Rejected,Invalid eKYC / OCR Failed,0,0,0
CONV_50911,CLK_117855,2026-08-01 23:27:25,PUB_005,OFF_CPS_02,2521,Approved,None,90000,65000,25000
CONV_50273,CLK_105632,2026-08-01 23:55:17,PUB_035,OFF_CPO_02,1888,Rejected,Invalid Lead Form,0,0,0
CONV_50439,CLK_108895,2026-08-02 00:02:04,PUB_042,OFF_FIN_02,3,Rejected,Duplicate Phone,0,0,0
CONV_50074,CLK_101672,2026-08-02 02:10:15,PUB_024,OFF_CPS_01,2662,Approved,None,75000,50000,25000
CONV_50909,CLK_117832,2026-08-02 03:40:47,PUB_091,OFF_CPO_01,2,Fraud,Invalid eKYC / OCR Failed,0,0,0
CONV_50836,CLK_116638,2026-08-02 03:58:23,PUB_078,OFF_CPO_01,1455,Pending,Under Review,0,0,0
CONV_50808,CLK_116117,2026-08-02 05:00:07,PUB_042,OFF_FIN_07,4,Rejected,Invalid eKYC / OCR Failed,0,0,0
CONV_50339,CLK_106963,2026-08-02 06:35:26,PUB_024,OFF_CPO_02,879,Approved,None,280000,195000,85000
CONV_50649,CLK_112966,2026-08-02 06:39:11,PUB_050,OFF_CPS_01,2685,Approved,None,75000,50000,25000
CONV_50239,CLK_104885,2026-08-02 06:51:44,PUB_077,OFF_FIN_06,4,Rejected,Duplicate Phone,0,0,0
CONV_50583,CLK_111753,2026-08-02 09:58:48,PUB_042,OFF_FIN_05,2,Fraud,Fake / Bot Traffic,0,0,0
CONV_50316,CLK_106460,2026-08-02 10:05:25,PUB_024,OFF_CPO_03,801,Approved,None,330000,240000,90000
CONV_50167,CLK_103598,2026-08-02 10:10:16,PUB_012,OFF_FIN_01,2106,Rejected,Invalid Lead Form,0,0,0
CONV_50006,CLK_100105,2026-08-02 10:56:08,PUB_005,OFF_FIN_05,1111,Approved,None,110000,80000,30000
CONV_50870,CLK_117172,2026-08-02 13:53:19,PUB_042,OFF_CPO_04,3,Rejected,Invalid eKYC / OCR Failed,0,0,0
CONV_50073,CLK_101658,2026-08-02 14:38:34,PUB_032,OFF_FIN_04,1631,Approved,None,480000,350000,130000
CONV_50464,CLK_109389,2026-08-02 15:13:57,PUB_008,OFF_CPO_03,193,Approved,None,330000,240000,90000
CONV_50392,CLK_107938,2026-08-02 15:35:47,PUB_034,OFF_CPO_03,1113,Pending,Under Review,0,0,0
CONV_50586,CLK_111808,2026-08-02 17:30:22,PUB_072,OFF_FIN_03,2481,Approved,None,145000,105000,40000
CONV_50654,CLK_113110,2026-08-02 17:30:58,PUB_012,OFF_FIN_06,203,Pending,Under Review,0,0,0
CONV_50436,CLK_108881,2026-08-02 17:59:23,PUB_056,OFF_CPO_03,1723,Rejected,Invalid Lead Form,0,0,0
CONV_51079,CLK_121185,2026-08-02 18:11:23,PUB_005,OFF_CPO_05,40,Pending,Under Review,0,0,0
CONV_51040,CLK_120475,2026-08-02 20:59:37,PUB_003,OFF_CPO_04,2220,Pending,Under Review,0,0,0
CONV_50627,CLK_112548,2026-08-02 21:59:59,PUB_013,OFF_CPO_05,913,Pending,Under Review,0,0,0
CONV_50278,CLK_105706,2026-08-02 23:01:33,PUB_017,OFF_FIN_03,2351,Approved,None,145000,105000,40000
CONV_50926,CLK_118245,2026-08-02 23:28:18,PUB_012,OFF_FIN_07,1661,Pending,Under Review,0,0,0
CONV_50041,CLK_100794,2026-08-02 23:32:29,PUB_077,OFF_CPO_01,3,Rejected,Duplicate Phone,0,0,0
CONV_50067,CLK_101505,2026-08-03 02:03:40,PUB_091,OFF_CPS_01,4,Rejected,Fake / Bot Traffic,0,0,0
CONV_50341,CLK_106989,2026-08-03 02:12:11,PUB_006,OFF_FIN_01,865,Pending,Under Review,0,0,0
CONV_50728,CLK_114519,2026-08-03 02:24:29,PUB_011,OFF_CPI_01,505,Approved,None,45000,30000,15000
CONV_50970,CLK_119245,2026-08-03 03:39:28,PUB_035,OFF_CPS_02,2588,Approved,None,90000,65000,25000
CONV_51093,CLK_121498,2026-08-03 03:52:23,PUB_005,OFF_CPO_02,382,Approved,None,280000,195000,85000
CONV_50739,CLK_114732,2026-08-03 03:52:35,PUB_018,OFF_CPO_04,2588,Pending,Under Review,0,0,0
CONV_51046,CLK_120557,2026-08-03 05:44:11,PUB_048,OFF_FIN_06,482,Approved,None,290000,210000,80000
CONV_50540,CLK_110803,2026-08-03 06:05:30,PUB_024,OFF_CPO_03,426,Pending,Under Review,0,0,0
CONV_50738,CLK_114701,2026-08-03 06:36:28,PUB_005,OFF_FIN_04,1597,Approved,None,480000,350000,130000
CONV_50669,CLK_113459,2026-08-03 09:32:06,PUB_055,OFF_CPI_01,828,Approved,None,45000,30000,15000
CONV_50070,CLK_101554,2026-08-03 11:44:51,PUB_077,OFF_CPS_01,3,Rejected,Duplicate Phone,0,0,0
CONV_50430,CLK_108822,2026-08-03 13:16:09,PUB_021,OFF_CPS_02,2028,Approved,None,90000,65000,25000
CONV_50303,CLK_106190,2026-08-03 13:49:09,PUB_018,OFF_CPO_02,1254,Approved,None,280000,195000,85000
CONV_50878,CLK_117303,2026-08-03 14:05:40,PUB_012,OFF_CPI_01,1729,Approved,None,45000,30000,15000
CONV_50370,CLK_107461,2026-08-03 15:44:13,PUB_042,OFF_FIN_08,2,Rejected,Invalid eKYC / OCR Failed,0,0,0
CONV_50590,CLK_111854,2026-08-03 16:26:45,PUB_051,OFF_CPI_01,2244,Approved,None,45000,30000,15000
CONV_50531,CLK_110603,2026-08-03 16:28:15,PUB_042,OFF_CPS_01,2,Rejected,Fake / Bot Traffic,0,0,0
CONV_50850,CLK_116787,2026-08-03 16:29:57,PUB_024,OFF_FIN_05,1631,Approved,None,110000,80000,30000
CONV_50208,CLK_104312,2026-08-03 16:39:35,PUB_063,OFF_CPS_02,1140,Rejected,Invalid Lead Form,0,0,0
CONV_50569,CLK_111538,2026-08-03 16:52:39,PUB_035,OFF_FIN_07,145,Pending,Under Review,0,0,0
CONV_50759,CLK_115144,2026-08-03 18:30:42,PUB_042,OFF_CPS_02,1,Rejected,Fake / Bot Traffic,0,0,0
CONV_50796,CLK_115858,2026-08-03 19:10:17,PUB_012,OFF_FIN_04,1156,Pending,Under Review,0,0,0
CONV_50571,CLK_111595,2026-08-03 19:12:29,PUB_012,OFF_FIN_06,520,Approved,None,290000,210000,80000
CONV_50558,CLK_111225,2026-08-03 22:14:30,PUB_018,OFF_FIN_02,1149,Approved,None,130000,95000,35000
CONV_50057,CLK_101142,2026-08-03 22:49:06,PUB_068,OFF_FIN_06,1730,Approved,None,290000,210000,80000
CONV_50681,CLK_113649,2026-08-04 00:34:38,PUB_017,OFF_FIN_04,364,Approved,None,480000,350000,130000
CONV_50597,CLK_112015,2026-08-04 00:55:51,PUB_072,OFF_CPO_04,1343,Approved,None,350000,250000,100000
CONV_50517,CLK_110320,2026-08-04 03:25:15,PUB_012,OFF_CPS_02,493,Approved,None,90000,65000,25000
CONV_50615,CLK_112305,2026-08-04 04:31:07,PUB_061,OFF_FIN_06,671,Pending,Under Review,0,0,0
CONV_51070,CLK_121028,2026-08-04 04:59:37,PUB_092,OFF_FIN_07,1126,Pending,Under Review,0,0,0
CONV_50851,CLK_116813,2026-08-04 06:01:30,PUB_024,OFF_CPO_05,1720,Approved,None,260000,180000,80000
CONV_50743,CLK_114856,2026-08-04 11:59:27,PUB_040,OFF_CPO_01,851,Pending,Under Review,0,0,0
CONV_50675,CLK_113551,2026-08-04 12:05:10,PUB_012,OFF_CPO_05,1512,Pending,Under Review,0,0,0
CONV_50195,CLK_103964,2026-08-04 13:47:50,PUB_062,OFF_FIN_06,1143,Rejected,Bad Debt History (CIC),0,0,0
CONV_50584,CLK_111781,2026-08-04 19:16:26,PUB_032,OFF_CPS_02,2220,Approved,None,90000,65000,25000
CONV_50324,CLK_106673,2026-08-04 19:25:48,PUB_042,OFF_FIN_01,4,Rejected,Fake / Bot Traffic,0,0,0
CONV_50148,CLK_103106,2026-08-04 20:27:00,PUB_018,OFF_CPS_01,2496,Approved,None,75000,50000,25000
CONV_50211,CLK_104442,2026-08-04 21:53:45,PUB_024,OFF_CPS_02,1458,Pending,Under Review,0,0,0
CONV_50959,CLK_119024,2026-08-04 22:48:55,PUB_025,OFF_CPO_05,1995,Approved,None,260000,180000,80000
CONV_51082,CLK_121263,2026-08-04 23:48:14,PUB_024,OFF_CPS_02,605,Approved,None,90000,65000,25000
CONV_50142,CLK_103021,2026-08-05 00:33:13,PUB_035,OFF_FIN_05,1613,Rejected,Duplicate Phone,0,0,0
CONV_51006,CLK_119980,2026-08-05 01:03:45,PUB_005,OFF_CPO_01,2023,Approved,None,310000,220000,90000
CONV_50484,CLK_109714,2026-08-05 01:38:36,PUB_061,OFF_CPO_01,2284,Approved,None,310000,220000,90000
CONV_50958,CLK_118999,2026-08-05 04:12:03,PUB_013,OFF_CPS_01,1581,Approved,None,75000,50000,25000
CONV_50939,CLK_118578,2026-08-05 04:46:23,PUB_052,OFF_FIN_05,780,Approved,None,110000,80000,30000
CONV_50984,CLK_119613,2026-08-05 04:59:14,PUB_005,OFF_FIN_06,1836,Approved,None,290000,210000,80000
CONV_50833,CLK_116564,2026-08-05 05:42:56,PUB_042,OFF_CPO_04,2,Rejected,Duplicate Phone,0,0,0
CONV_51011,CLK_120041,2026-08-05 06:49:38,PUB_042,OFF_FIN_07,2,Fraud,Fake / Bot Traffic,0,0,0
CONV_50302,CLK_106158,2026-08-05 06:57:09,PUB_012,OFF_FIN_02,2394,Pending,Under Review,0,0,0
CONV_50703,CLK_114047,2026-08-05 07:07:47,PUB_074,OFF_CPO_03,2277,Rejected,Bad Debt History (CIC),0,0,0
CONV_50013,CLK_100281,2026-08-05 08:07:11,PUB_042,OFF_CPO_02,3,Fraud,Invalid eKYC / OCR Failed,0,0,0
CONV_50668,CLK_113449,2026-08-05 09:53:37,PUB_048,OFF_CPS_02,2350,Approved,None,90000,65000,25000
CONV_51052,CLK_120665,2026-08-05 10:46:49,PUB_018,OFF_FIN_06,418,Pending,Under Review,0,0,0
CONV_51081,CLK_121256,2026-08-05 10:57:02,PUB_071,OFF_FIN_05,2049,Approved,None,110000,80000,30000
CONV_50014,CLK_100305,2026-08-05 11:03:19,PUB_077,OFF_FIN_02,2,Rejected,Fake / Bot Traffic,0,0,0
CONV_50555,CLK_111135,2026-08-05 12:04:15,PUB_005,OFF_CPS_02,2640,Approved,None,90000,65000,25000
CONV_50515,CLK_110309,2026-08-05 17:02:56,PUB_012,OFF_FIN_01,2351,Approved,None,420000,310000,110000
CONV_51071,CLK_121034,2026-08-05 17:19:45,PUB_012,OFF_FIN_08,1968,Pending,Under Review,0,0,0
CONV_50404,CLK_108199,2026-08-05 17:39:06,PUB_012,OFF_FIN_07,139,Rejected,Bad Debt History (CIC),0,0,0
CONV_50395,CLK_108004,2026-08-05 19:50:46,PUB_012,OFF_CPI_01,1399,Approved,None,45000,30000,15000
CONV_50692,CLK_113813,2026-08-05 19:57:26,PUB_042,OFF_FIN_02,3,Rejected,Invalid eKYC / OCR Failed,0,0,0
CONV_50160,CLK_103464,2026-08-05 21:54:21,PUB_035,OFF_CPS_01,294,Approved,None,75000,50000,25000
CONV_50784,CLK_115587,2026-08-05 22:52:15,PUB_087,OFF_CPO_04,2344,Rejected,Customer Cancelled,0,0,0
CONV_50080,CLK_101806,2026-08-05 23:40:23,PUB_042,OFF_FIN_05,3,Approved,Duplicate Phone,110000,80000,30000
CONV_50750,CLK_115024,2026-08-06 00:10:27,PUB_012,OFF_CPS_01,2436,Approved,None,75000,50000,25000
CONV_50613,CLK_112296,2026-08-06 00:33:57,PUB_093,OFF_FIN_07,1830,Pending,Under Review,0,0,0
CONV_50255,CLK_105206,2026-08-06 01:14:47,PUB_024,OFF_CPS_02,1544,Rejected,Duplicate Phone,0,0,0
CONV_50787,CLK_115679,2026-08-06 01:18:11,PUB_018,OFF_FIN_02,391,Approved,None,130000,95000,35000
CONV_50330,CLK_106856,2026-08-06 03:52:42,PUB_007,OFF_CPO_04,1837,Approved,None,350000,250000,100000
CONV_50646,CLK_112913,2026-08-06 04:08:54,PUB_005,OFF_CPO_01,2092,Approved,None,310000,220000,90000
CONV_51088,CLK_121456,2026-08-06 09:04:43,PUB_079,OFF_FIN_01,1838,Pending,Under Review,0,0,0
CONV_50505,CLK_110058,2026-08-06 10:37:22,PUB_088,OFF_CPS_02,1489,Approved,None,90000,65000,25000
CONV_50018,CLK_100355,2026-08-06 11:35:11,PUB_005,OFF_FIN_03,2540,Approved,None,145000,105000,40000
CONV_50071,CLK_101611,2026-08-06 12:21:04,PUB_022,OFF_CPO_03,720,Pending,Under Review,0,0,0
CONV_50465,CLK_109390,2026-08-06 12:40:17,PUB_018,OFF_CPO_04,760,Pending,Under Review,0,0,0
CONV_50674,CLK_113542,2026-08-06 13:04:09,PUB_039,OFF_FIN_05,2520,Approved,None,110000,80000,30000
CONV_50589,CLK_111831,2026-08-06 18:14:57,PUB_090,OFF_FIN_08,1264,Approved,None,400000,290000,110000
CONV_50368,CLK_107456,2026-08-06 18:23:28,PUB_062,OFF_CPO_01,1504,Rejected,Invalid Lead Form,0,0,0
CONV_50907,CLK_117815,2026-08-06 19:32:40,PUB_024,OFF_CPO_05,64,Approved,None,260000,180000,80000
CONV_50289,CLK_105850,2026-08-06 21:01:34,PUB_005,OFF_FIN_07,498,Approved,None,320000,230000,90000
CONV_50789,CLK_115739,2026-08-06 23:59:14,PUB_086,OFF_CPI_01,1048,Approved,None,45000,30000,15000
CONV_50032,CLK_100594,2026-08-07 01:07:53,PUB_071,OFF_CPO_01,2298,Rejected,Customer Cancelled,0,0,0
CONV_50301,CLK_106143,2026-08-07 01:18:36,PUB_042,OFF_CPI_01,2,Fraud,Fake / Bot Traffic,0,0,0
CONV_50800,CLK_115940,2026-08-07 03:05:16,PUB_024,OFF_CPO_02,2339,Rejected,Invalid Lead Form,0,0,0
CONV_50411,CLK_108345,2026-08-07 04:12:16,PUB_091,OFF_CPO_02,1,Rejected,Invalid eKYC / OCR Failed,0,0,0
CONV_50862,CLK_117050,2026-08-07 04:56:18,PUB_004,OFF_CPO_04,1340,Approved,None,350000,250000,100000
CONV_50888,CLK_117433,2026-08-07 07:24:55,PUB_067,OFF_FIN_05,865,Rejected,Duplicate Phone,0,0,0
CONV_50772,CLK_115442,2026-08-07 08:36:57,PUB_035,OFF_CPO_01,1987,Rejected,Bad Debt History (CIC),0,0,0
CONV_50774,CLK_115481,2026-08-07 08:37:15,PUB_018,OFF_FIN_07,848,Approved,None,320000,230000,90000
CONV_50864,CLK_117082,2026-08-07 10:20:32,PUB_100,OFF_FIN_05,2576,Approved,None,110000,80000,30000
CONV_50039,CLK_100753,2026-08-07 10:47:40,PUB_074,OFF_CPO_03,2641,Pending,Under Review,0,0,0
CONV_50344,CLK_107009,2026-08-07 11:52:03,PUB_018,OFF_FIN_05,1693,Approved,None,110000,80000,30000
CONV_50735,CLK_114655,2026-08-07 13:55:35,PUB_024,OFF_CPO_01,2247,Approved,None,310000,220000,90000
CONV_50543,CLK_110839,2026-08-07 14:02:11,PUB_035,OFF_CPO_05,2027,Approved,None,260000,180000,80000
CONV_50623,CLK_112482,2026-08-07 14:22:25,PUB_002,OFF_FIN_06,142,Rejected,Customer Cancelled,0,0,0
CONV_50660,CLK_113273,2026-08-07 17:36:07,PUB_035,OFF_FIN_03,1331,Approved,None,145000,105000,40000
CONV_50556,CLK_111188,2026-08-07 17:43:27,PUB_018,OFF_FIN_07,2534,Rejected,Invalid Lead Form,0,0,0
CONV_50670,CLK_113470,2026-08-07 19:56:08,PUB_077,OFF_FIN_06,3,Rejected,Invalid eKYC / OCR Failed,0,0,0
CONV_51087,CLK_121439,2026-08-07 20:07:31,PUB_086,OFF_FIN_06,2214,Rejected,Invalid Lead Form,0,0,0
CONV_50008,CLK_100125,2026-08-07 23:56:54,PUB_042,OFF_CPO_04,1,Rejected,Fake / Bot Traffic,0,0,0
CONV_50996,CLK_119802,2026-08-08 04:19:39,PUB_016,OFF_FIN_01,2248,Rejected,Invalid Lead Form,0,0,0
CONV_50355,CLK_107159,2026-08-08 04:29:27,PUB_008,OFF_FIN_06,1002,Pending,Under Review,0,0,0
CONV_50172,CLK_103650,2026-08-08 06:39:54,PUB_024,OFF_CPI_01,1020,Approved,None,45000,30000,15000
CONV_50082,CLK_101845,2026-08-08 07:21:14,PUB_035,OFF_CPO_04,1192,Approved,None,350000,250000,100000
CONV_50396,CLK_108021,2026-08-08 07:45:18,PUB_042,OFF_CPO_05,1,Rejected,Fake / Bot Traffic,0,0,0
CONV_50111,CLK_102498,2026-08-08 08:23:15,PUB_035,OFF_CPI_01,1064,Approved,None,45000,30000,15000
CONV_50634,CLK_112711,2026-08-08 08:55:35,PUB_069,OFF_FIN_06,711,Rejected,Invalid Lead Form,0,0,0
CONV_50523,CLK_110460,2026-08-08 13:43:55,PUB_035,OFF_FIN_08,157,Approved,None,400000,290000,110000
CONV_50529,CLK_110564,2026-08-08 14:03:08,PUB_049,OFF_CPO_03,2304,Approved,None,330000,240000,90000
CONV_50956,CLK_118908,2026-08-08 14:47:44,PUB_094,OFF_CPS_01,2230,Approved,None,75000,50000,25000
CONV_50651,CLK_113031,2026-08-08 16:00:05,PUB_005,OFF_FIN_07,556,Rejected,Invalid Lead Form,0,0,0
CONV_50221,CLK_104635,2026-08-08 18:01:12,PUB_018,OFF_CPS_01,271,Approved,None,75000,50000,25000
CONV_50499,CLK_109967,2026-08-09 00:18:25,PUB_061,OFF_FIN_07,345,Pending,Under Review,0,0,0
CONV_50587,CLK_111810,2026-08-09 01:30:11,PUB_035,OFF_CPI_01,2024,Rejected,Customer Cancelled,0,0,0
CONV_50701,CLK_114008,2026-08-09 01:34:20,PUB_042,OFF_FIN_07,1,Fraud,Invalid eKYC / OCR Failed,0,0,0
CONV_50025,CLK_100497,2026-08-09 03:19:26,PUB_024,OFF_FIN_08,54,Rejected,Bad Debt History (CIC),0,0,0
CONV_50698,CLK_113968,2026-08-09 07:25:25,PUB_037,OFF_CPO_02,306,Approved,None,280000,195000,85000
CONV_50722,CLK_114418,2026-08-09 07:36:52,PUB_018,OFF_FIN_03,1767,Approved,None,145000,105000,40000
CONV_50144,CLK_103040,2026-08-09 07:54:54,PUB_077,OFF_CPI_01,3,Fraud,Duplicate Phone,0,0,0
CONV_50244,CLK_105037,2026-08-09 08:03:48,PUB_018,OFF_FIN_01,2568,Pending,Under Review,0,0,0
CONV_50043,CLK_100862,2026-08-09 08:48:30,PUB_075,OFF_FIN_07,705,Pending,Under Review,0,0,0
CONV_50125,CLK_102739,2026-08-09 09:09:21,PUB_012,OFF_CPS_01,1391,Approved,None,75000,50000,25000
CONV_50232,CLK_104745,2026-08-09 13:02:51,PUB_021,OFF_FIN_01,557,Approved,None,420000,310000,110000
CONV_50178,CLK_103803,2026-08-09 16:31:48,PUB_055,OFF_FIN_03,1388,Approved,None,145000,105000,40000
CONV_50094,CLK_102064,2026-08-09 17:47:16,PUB_024,OFF_CPO_01,424,Pending,Under Review,0,0,0
CONV_50243,CLK_104963,2026-08-09 18:36:51,PUB_091,OFF_FIN_04,4,Rejected,Duplicate Phone,0,0,0
CONV_51065,CLK_120987,2026-08-09 20:17:24,PUB_018,OFF_FIN_01,2700,Pending,Under Review,0,0,0
CONV_50485,CLK_109734,2026-08-09 20:35:50,PUB_071,OFF_CPO_04,1248,Pending,Under Review,0,0,0
CONV_50885,CLK_117405,2026-08-09 22:31:35,PUB_042,OFF_CPO_04,1,Fraud,Duplicate Phone,0,0,0
CONV_50016,CLK_100343,2026-08-10 04:59:08,PUB_078,OFF_FIN_08,935,Approved,None,400000,290000,110000
CONV_50443,CLK_108983,2026-08-10 09:14:36,PUB_012,OFF_FIN_01,906,Approved,None,420000,310000,110000
CONV_50468,CLK_109451,2026-08-10 10:45:50,PUB_031,OFF_FIN_07,556,Rejected,Invalid Lead Form,0,0,0
CONV_50805,CLK_116048,2026-08-10 11:10:35,PUB_043,OFF_FIN_08,2296,Approved,None,400000,290000,110000
CONV_50726,CLK_114497,2026-08-10 11:41:27,PUB_018,OFF_CPS_02,1190,Approved,None,90000,65000,25000
CONV_51024,CLK_120177,2026-08-10 12:27:59,PUB_099,OFF_FIN_05,785,Approved,None,110000,80000,30000
CONV_50788,CLK_115694,2026-08-10 16:03:45,PUB_012,OFF_CPO_01,2679,Approved,None,310000,220000,90000
CONV_50169,CLK_103611,2026-08-10 16:41:26,PUB_005,OFF_CPO_05,2263,Approved,None,260000,180000,80000
CONV_50781,CLK_115566,2026-08-10 17:02:14,PUB_012,OFF_CPO_04,2015,Approved,None,350000,250000,100000
CONV_50010,CLK_100208,2026-08-10 18:17:13,PUB_091,OFF_CPI_01,2,Rejected,Duplicate Phone,0,0,0
CONV_50716,CLK_114311,2026-08-10 18:33:11,PUB_077,OFF_CPO_05,1,Approved,Fake / Bot Traffic,260000,180000,80000
CONV_50373,CLK_107491,2026-08-10 19:38:15,PUB_024,OFF_FIN_02,1778,Approved,None,130000,95000,35000
CONV_50130,CLK_102776,2026-08-10 22:58:29,PUB_012,OFF_CPS_01,67,Approved,None,75000,50000,25000
CONV_50228,CLK_104696,2026-08-10 23:23:07,PUB_097,OFF_CPS_02,1235,Approved,None,90000,65000,25000
CONV_50479,CLK_109542,2026-08-10 23:56:33,PUB_039,OFF_CPO_05,1244,Rejected,Invalid Lead Form,0,0,0
CONV_50454,CLK_109217,2026-08-11 00:34:30,PUB_019,OFF_CPO_03,1188,Pending,Under Review,0,0,0
CONV_50798,CLK_115883,2026-08-11 05:19:03,PUB_044,OFF_FIN_05,1392,Approved,None,110000,80000,30000
CONV_50486,CLK_109737,2026-08-11 05:29:41,PUB_042,OFF_CPS_01,1,Approved,Duplicate Phone,75000,50000,25000
CONV_50601,CLK_112092,2026-08-11 06:03:58,PUB_025,OFF_FIN_01,1249,Approved,None,420000,310000,110000
CONV_50186,CLK_103895,2026-08-11 06:49:51,PUB_091,OFF_FIN_01,3,Fraud,Duplicate Phone,0,0,0
CONV_50455,CLK_109218,2026-08-11 07:36:12,PUB_034,OFF_CPO_03,1853,Approved,None,330000,240000,90000
CONV_50288,CLK_105848,2026-08-11 08:34:23,PUB_056,OFF_CPO_03,2585,Approved,None,330000,240000,90000
CONV_51034,CLK_120342,2026-08-11 08:50:53,PUB_002,OFF_CPS_01,1978,Approved,None,75000,50000,25000
CONV_50596,CLK_112006,2026-08-11 09:12:16,PUB_012,OFF_FIN_04,1671,Approved,None,480000,350000,130000
CONV_50694,CLK_113834,2026-08-11 11:54:11,PUB_018,OFF_FIN_07,1487,Rejected,Invalid Lead Form,0,0,0
CONV_50095,CLK_102065,2026-08-11 12:04:54,PUB_042,OFF_FIN_01,1,Rejected,Fake / Bot Traffic,0,0,0
CONV_50910,CLK_117845,2026-08-11 15:18:24,PUB_035,OFF_CPO_03,258,Approved,None,330000,240000,90000
CONV_50802,CLK_115980,2026-08-11 17:01:05,PUB_091,OFF_FIN_03,4,Fraud,Invalid eKYC / OCR Failed,0,0,0
CONV_50898,CLK_117594,2026-08-11 17:31:33,PUB_055,OFF_CPO_03,1544,Pending,Under Review,0,0,0
CONV_50539,CLK_110798,2026-08-12 00:08:14,PUB_012,OFF_CPI_01,1954,Approved,None,45000,30000,15000
CONV_50533,CLK_110618,2026-08-12 00:15:02,PUB_012,OFF_FIN_07,2534,Approved,None,320000,230000,90000
CONV_50732,CLK_114607,2026-08-12 01:44:47,PUB_054,OFF_CPI_01,1837,Approved,None,45000,30000,15000
CONV_50263,CLK_105419,2026-08-12 05:49:43,PUB_091,OFF_CPO_02,1,Fraud,Duplicate Phone,0,0,0
CONV_50830,CLK_116497,2026-08-12 06:10:59,PUB_035,OFF_FIN_01,1306,Rejected,Customer Cancelled,0,0,0
CONV_50655,CLK_113145,2026-08-12 06:20:49,PUB_078,OFF_FIN_04,1802,Pending,Under Review,0,0,0
CONV_50298,CLK_106070,2026-08-12 07:03:11,PUB_012,OFF_FIN_05,436,Approved,None,110000,80000,30000
CONV_50777,CLK_115538,2026-08-12 07:03:15,PUB_077,OFF_FIN_05,3,Fraud,Invalid eKYC / OCR Failed,0,0,0
CONV_50170,CLK_103622,2026-08-12 10:20:18,PUB_091,OFF_CPI_01,3,Fraud,Fake / Bot Traffic,0,0,0
CONV_50905,CLK_117774,2026-08-12 11:17:02,PUB_081,OFF_CPO_02,2242,Approved,None,280000,195000,85000
CONV_50379,CLK_107623,2026-08-12 11:18:16,PUB_055,OFF_FIN_02,556,Approved,None,130000,95000,35000
CONV_50093,CLK_102063,2026-08-12 12:37:24,PUB_005,OFF_FIN_02,1714,Approved,None,130000,95000,35000
CONV_51117,CLK_121888,2026-08-12 14:37:52,PUB_012,OFF_FIN_05,583,Approved,None,110000,80000,30000
CONV_51009,CLK_120003,2026-08-12 15:55:27,PUB_018,OFF_FIN_08,1832,Approved,None,400000,290000,110000
CONV_50027,CLK_100520,2026-08-12 16:43:29,PUB_012,OFF_CPS_02,888,Approved,None,90000,65000,25000
CONV_50336,CLK_106914,2026-08-12 16:48:02,PUB_035,OFF_CPI_01,827,Approved,None,45000,30000,15000
CONV_50143,CLK_103026,2026-08-12 16:49:41,PUB_043,OFF_CPO_04,1717,Approved,None,350000,250000,100000
CONV_50967,CLK_119158,2026-08-12 17:53:58,PUB_064,OFF_FIN_08,1270,Pending,Under Review,0,0,0
CONV_50504,CLK_110044,2026-08-12 17:55:10,PUB_091,OFF_CPS_01,1,Fraud,Invalid eKYC / OCR Failed,0,0,0
CONV_50164,CLK_103567,2026-08-12 18:57:53,PUB_042,OFF_FIN_04,2,Fraud,Duplicate Phone,0,0,0
CONV_50530,CLK_110568,2026-08-12 19:34:56,PUB_077,OFF_FIN_08,1,Fraud,Fake / Bot Traffic,0,0,0
CONV_50110,CLK_102459,2026-08-12 19:48:59,PUB_024,OFF_FIN_01,2206,Approved,None,420000,310000,110000
CONV_50204,CLK_104090,2026-08-12 23:46:57,PUB_091,OFF_CPO_04,2,Fraud,Fake / Bot Traffic,0,0,0
CONV_50387,CLK_107806,2026-08-13 00:51:43,PUB_065,OFF_FIN_07,328,Approved,None,320000,230000,90000
CONV_50724,CLK_114434,2026-08-13 01:05:11,PUB_056,OFF_FIN_01,1489,Pending,Under Review,0,0,0
CONV_50525,CLK_110484,2026-08-13 06:32:09,PUB_035,OFF_CPO_01,1082,Approved,None,310000,220000,90000
CONV_51000,CLK_119894,2026-08-13 07:02:17,PUB_091,OFF_CPO_04,1,Rejected,Fake / Bot Traffic,0,0,0
CONV_50299,CLK_106092,2026-08-13 09:22:21,PUB_042,OFF_CPS_02,2,Rejected,Fake / Bot Traffic,0,0,0
CONV_50686,CLK_113734,2026-08-13 12:46:59,PUB_012,OFF_FIN_07,287,Rejected,Bad Debt History (CIC),0,0,0
CONV_50168,CLK_103605,2026-08-13 12:50:12,PUB_097,OFF_CPO_01,1738,Approved,None,310000,220000,90000
CONV_50235,CLK_104801,2026-08-13 14:36:05,PUB_018,OFF_CPO_04,1815,Approved,None,350000,250000,100000
CONV_50503,CLK_110030,2026-08-13 18:16:24,PUB_005,OFF_CPO_01,2590,Approved,None,310000,220000,90000
CONV_50974,CLK_119364,2026-08-13 18:27:45,PUB_035,OFF_CPO_03,826,Rejected,Invalid Lead Form,0,0,0
CONV_50112,CLK_102501,2026-08-13 19:23:01,PUB_045,OFF_CPO_02,1427,Approved,None,280000,195000,85000
CONV_51085,CLK_121352,2026-08-13 20:29:15,PUB_012,OFF_FIN_05,855,Rejected,Duplicate Phone,0,0,0
CONV_50225,CLK_104661,2026-08-13 21:36:10,PUB_012,OFF_CPO_04,909,Approved,None,350000,250000,100000
CONV_50812,CLK_116188,2026-08-13 21:53:45,PUB_018,OFF_CPS_01,1454,Approved,None,75000,50000,25000
CONV_50648,CLK_112957,2026-08-13 21:59:24,PUB_012,OFF_FIN_08,2368,Approved,None,400000,290000,110000
CONV_50452,CLK_109175,2026-08-13 22:10:16,PUB_022,OFF_CPO_03,2357,Approved,None,330000,240000,90000
CONV_50213,CLK_104472,2026-08-13 23:27:41,PUB_091,OFF_FIN_08,4,Fraud,Duplicate Phone,0,0,0
CONV_50661,CLK_113292,2026-08-14 00:07:24,PUB_042,OFF_FIN_03,2,Rejected,Duplicate Phone,0,0,0
CONV_50068,CLK_101523,2026-08-14 01:11:18,PUB_091,OFF_CPS_02,4,Rejected,Duplicate Phone,0,0,0
CONV_51020,CLK_120145,2026-08-14 02:11:57,PUB_031,OFF_FIN_01,2226,Approved,None,420000,310000,110000
CONV_50928,CLK_118282,2026-08-14 02:13:53,PUB_018,OFF_FIN_05,2415,Approved,None,110000,80000,30000
CONV_51045,CLK_120549,2026-08-14 02:42:03,PUB_059,OFF_FIN_08,257,Approved,None,400000,290000,110000
CONV_50084,CLK_101875,2026-08-14 04:16:24,PUB_078,OFF_CPS_02,72,Pending,Under Review,0,0,0
CONV_50551,CLK_111007,2026-08-14 06:33:43,PUB_028,OFF_CPO_02,652,Pending,Under Review,0,0,0
CONV_50620,CLK_112440,2026-08-14 07:00:22,PUB_042,OFF_CPS_02,2,Rejected,Duplicate Phone,0,0,0
CONV_51108,CLK_121801,2026-08-14 07:35:27,PUB_029,OFF_CPO_05,1826,Approved,None,260000,180000,80000
CONV_51084,CLK_121339,2026-08-14 10:53:32,PUB_079,OFF_CPO_02,1710,Approved,None,280000,195000,85000
CONV_50222,CLK_104646,2026-08-14 11:21:41,PUB_008,OFF_CPO_04,671,Approved,None,350000,250000,100000
CONV_51066,CLK_120999,2026-08-14 12:49:36,PUB_048,OFF_CPO_05,2512,Approved,None,260000,180000,80000
CONV_50366,CLK_107391,2026-08-14 13:25:19,PUB_096,OFF_FIN_01,2363,Rejected,Invalid Lead Form,0,0,0
CONV_50471,CLK_109465,2026-08-14 13:34:35,PUB_091,OFF_CPO_01,3,Rejected,Fake / Bot Traffic,0,0,0
CONV_50055,CLK_101090,2026-08-14 13:55:53,PUB_077,OFF_FIN_06,2,Rejected,Duplicate Phone,0,0,0
CONV_51094,CLK_121571,2026-08-14 14:06:31,PUB_091,OFF_FIN_07,3,Fraud,Duplicate Phone,0,0,0
CONV_50307,CLK_106257,2026-08-14 14:17:33,PUB_008,OFF_CPO_03,1839,Pending,Under Review,0,0,0
CONV_50940,CLK_118608,2026-08-14 15:57:29,PUB_005,OFF_CPO_02,1181,Rejected,Customer Cancelled,0,0,0
CONV_50308,CLK_106269,2026-08-14 16:56:02,PUB_093,OFF_CPO_02,449,Approved,None,280000,195000,85000
CONV_50710,CLK_114172,2026-08-14 23:42:34,PUB_005,OFF_FIN_03,2219,Approved,None,145000,105000,40000
CONV_50532,CLK_110614,2026-08-15 00:24:08,PUB_024,OFF_FIN_04,741,Approved,None,480000,350000,130000
CONV_50491,CLK_109819,2026-08-15 05:21:24,PUB_077,OFF_CPO_04,1,Fraud,Fake / Bot Traffic,0,0,0
CONV_50061,CLK_101227,2026-08-15 07:44:27,PUB_090,OFF_FIN_04,1912,Approved,None,480000,350000,130000
CONV_50749,CLK_114994,2026-08-15 08:17:09,PUB_077,OFF_CPO_02,3,Rejected,Invalid eKYC / OCR Failed,0,0,0
CONV_50372,CLK_107481,2026-08-15 08:43:40,PUB_005,OFF_FIN_04,1256,Approved,None,480000,350000,130000
CONV_50644,CLK_112890,2026-08-15 09:06:29,PUB_018,OFF_CPO_05,1270,Approved,None,260000,180000,80000
CONV_50480,CLK_109648,2026-08-15 11:15:17,PUB_077,OFF_CPS_02,1,Fraud,Invalid eKYC / OCR Failed,0,0,0
CONV_50033,CLK_100641,2026-08-15 11:56:34,PUB_042,OFF_CPO_01,1,Rejected,Duplicate Phone,0,0,0
CONV_50763,CLK_115218,2026-08-15 13:05:05,PUB_042,OFF_CPO_02,1,Rejected,Fake / Bot Traffic,0,0,0
CONV_50877,CLK_117301,2026-08-15 13:09:50,PUB_042,OFF_CPO_01,1,Fraud,Fake / Bot Traffic,0,0,0
CONV_50976,CLK_119390,2026-08-15 14:09:01,PUB_017,OFF_FIN_03,2343,Approved,None,145000,105000,40000
CONV_50741,CLK_114821,2026-08-15 15:50:20,PUB_058,OFF_FIN_04,2435,Rejected,Duplicate Phone,0,0,0
CONV_50811,CLK_116183,2026-08-15 16:00:22,PUB_024,OFF_FIN_06,1336,Pending,Under Review,0,0,0
CONV_50191,CLK_103927,2026-08-15 17:05:35,PUB_012,OFF_CPO_03,1339,Pending,Under Review,0,0,0
CONV_51076,CLK_121138,2026-08-15 17:47:12,PUB_018,OFF_CPO_05,1353,Rejected,Duplicate Phone,0,0,0
CONV_50989,CLK_119692,2026-08-15 22:02:37,PUB_024,OFF_CPO_02,938,Pending,Under Review,0,0,0
CONV_50434,CLK_108851,2026-08-15 22:10:05,PUB_056,OFF_FIN_01,1857,Rejected,Bad Debt History (CIC),0,0,0
CONV_50291,CLK_105882,2026-08-15 22:40:52,PUB_042,OFF_FIN_05,1,Rejected,Duplicate Phone,0,0,0
CONV_51092,CLK_121497,2026-08-15 23:17:16,PUB_018,OFF_FIN_01,418,Approved,None,420000,310000,110000
CONV_50300,CLK_106108,2026-08-15 23:54:29,PUB_014,OFF_FIN_02,1886,Approved,None,130000,95000,35000
CONV_50713,CLK_114236,2026-08-16 06:05:40,PUB_091,OFF_FIN_05,4,Fraud,Invalid eKYC / OCR Failed,0,0,0
CONV_50524,CLK_110463,2026-08-16 06:26:24,PUB_058,OFF_FIN_07,616,Pending,Under Review,0,0,0
CONV_50765,CLK_115275,2026-08-16 06:41:24,PUB_087,OFF_FIN_03,972,Pending,Under Review,0,0,0
CONV_50829,CLK_116492,2026-08-16 07:19:35,PUB_091,OFF_FIN_08,3,Fraud,Invalid eKYC / OCR Failed,0,0,0
CONV_50215,CLK_104504,2026-08-16 08:58:22,PUB_091,OFF_FIN_02,2,Fraud,Duplicate Phone,0,0,0
CONV_50153,CLK_103319,2026-08-16 10:16:50,PUB_035,OFF_FIN_06,478,Rejected,Customer Cancelled,0,0,0
CONV_51109,CLK_121811,2026-08-16 11:51:04,PUB_005,OFF_FIN_06,430,Pending,Under Review,0,0,0
CONV_50115,CLK_102547,2026-08-16 12:07:38,PUB_024,OFF_FIN_03,470,Pending,Under Review,0,0,0
CONV_50113,CLK_102532,2026-08-16 12:23:45,PUB_059,OFF_CPO_02,382,Approved,None,280000,195000,85000
CONV_51059,CLK_120813,2026-08-16 12:57:10,PUB_091,OFF_CPO_01,2,Rejected,Duplicate Phone,0,0,0
CONV_50477,CLK_109522,2026-08-16 14:07:27,PUB_012,OFF_FIN_01,79,Approved,None,420000,310000,110000
CONV_50424,CLK_108574,2026-08-16 14:11:19,PUB_093,OFF_CPI_01,1118,Approved,None,45000,30000,15000
CONV_50625,CLK_112526,2026-08-16 14:48:17,PUB_042,OFF_FIN_07,4,Rejected,Duplicate Phone,0,0,0
CONV_50397,CLK_108030,2026-08-16 15:53:18,PUB_006,OFF_FIN_07,2691,Rejected,Customer Cancelled,0,0,0
CONV_50123,CLK_102710,2026-08-16 18:18:36,PUB_022,OFF_CPO_02,393,Rejected,Customer Cancelled,0,0,0
CONV_50001,CLK_100011,2026-08-16 19:02:28,PUB_023,OFF_FIN_08,1385,Pending,Under Review,0,0,0
CONV_50518,CLK_110382,2026-08-16 20:00:47,PUB_005,OFF_FIN_06,1076,Rejected,Bad Debt History (CIC),0,0,0
CONV_50086,CLK_101893,2026-08-16 23:39:51,PUB_018,OFF_CPS_02,136,Approved,None,90000,65000,25000
CONV_50858,CLK_117003,2026-08-17 00:09:10,PUB_024,OFF_FIN_05,2239,Approved,None,110000,80000,30000
CONV_50883,CLK_117396,2026-08-17 03:22:07,PUB_035,OFF_CPS_01,2178,Approved,None,75000,50000,25000
CONV_50695,CLK_113875,2026-08-17 04:30:03,PUB_091,OFF_CPS_02,2,Rejected,Invalid eKYC / OCR Failed,0,0,0
CONV_50402,CLK_108148,2026-08-17 05:08:10,PUB_018,OFF_CPO_05,868,Approved,None,260000,180000,80000
CONV_50906,CLK_117790,2026-08-17 06:00:26,PUB_080,OFF_FIN_01,201,Approved,None,420000,310000,110000
CONV_50463,CLK_109382,2026-08-17 06:17:40,PUB_042,OFF_CPS_02,1,Rejected,Invalid eKYC / OCR Failed,0,0,0
CONV_50229,CLK_104698,2026-08-17 07:21:09,PUB_077,OFF_FIN_05,3,Rejected,Fake / Bot Traffic,0,0,0
CONV_50119,CLK_102648,2026-08-17 09:23:50,PUB_013,OFF_CPO_05,460,Approved,None,260000,180000,80000
CONV_51121,CLK_121955,2026-08-17 11:50:17,PUB_091,OFF_FIN_05,4,Rejected,Duplicate Phone,0,0,0
CONV_50332,CLK_106870,2026-08-17 20:25:49,PUB_040,OFF_FIN_07,2305,Rejected,Invalid Lead Form,0,0,0
CONV_50066,CLK_101471,2026-08-18 00:40:56,PUB_042,OFF_CPI_01,1,Rejected,Duplicate Phone,0,0,0
CONV_50635,CLK_112721,2026-08-18 02:29:51,PUB_012,OFF_FIN_08,1046,Pending,Under Review,0,0,0
CONV_50642,CLK_112853,2026-08-18 03:01:03,PUB_012,OFF_CPO_05,892,Approved,None,260000,180000,80000
CONV_50775,CLK_115509,2026-08-18 03:46:53,PUB_077,OFF_CPO_02,4,Fraud,Duplicate Phone,0,0,0
CONV_50182,CLK_103851,2026-08-18 04:02:27,PUB_012,OFF_CPI_01,964,Approved,None,45000,30000,15000
CONV_50257,CLK_105306,2026-08-18 04:03:28,PUB_055,OFF_CPO_01,2177,Pending,Under Review,0,0,0
CONV_50403,CLK_108174,2026-08-18 08:16:47,PUB_077,OFF_CPI_01,4,Fraud,Fake / Bot Traffic,0,0,0
CONV_50192,CLK_103928,2026-08-18 11:16:14,PUB_010,OFF_CPS_02,1499,Rejected,Invalid Lead Form,0,0,0
CONV_50502,CLK_110020,2026-08-18 16:17:08,PUB_099,OFF_CPO_05,2096,Approved,None,260000,180000,80000
CONV_50991,CLK_119710,2026-08-18 16:29:27,PUB_059,OFF_FIN_01,2008,Approved,None,420000,310000,110000
CONV_50441,CLK_108912,2026-08-18 20:37:54,PUB_091,OFF_CPO_02,1,Approved,Duplicate Phone,280000,195000,85000
CONV_50603,CLK_112148,2026-08-18 20:45:11,PUB_012,OFF_FIN_03,271,Approved,None,145000,105000,40000
CONV_50861,CLK_117035,2026-08-18 21:26:06,PUB_018,OFF_CPS_02,431,Approved,None,90000,65000,25000
CONV_50712,CLK_114210,2026-08-18 22:46:40,PUB_077,OFF_CPS_02,1,Rejected,Invalid eKYC / OCR Failed,0,0,0
CONV_50593,CLK_111961,2026-08-18 23:13:10,PUB_092,OFF_CPO_01,720,Approved,None,310000,220000,90000
CONV_50019,CLK_100372,2026-08-18 23:18:42,PUB_035,OFF_CPO_05,1826,Approved,None,260000,180000,80000
CONV_50031,CLK_100592,2026-08-19 02:40:20,PUB_075,OFF_FIN_03,1038,Pending,Under Review,0,0,0
CONV_50745,CLK_114876,2026-08-19 02:48:49,PUB_091,OFF_FIN_08,3,Rejected,Fake / Bot Traffic,0,0,0
CONV_50943,CLK_118684,2026-08-19 02:56:29,PUB_012,OFF_FIN_03,984,Approved,None,145000,105000,40000
CONV_50128,CLK_102759,2026-08-19 03:01:56,PUB_024,OFF_FIN_08,1887,Rejected,Customer Cancelled,0,0,0
CONV_50357,CLK_107247,2026-08-19 04:18:28,PUB_042,OFF_FIN_04,4,Fraud,Invalid eKYC / OCR Failed,0,0,0
CONV_51073,CLK_121046,2026-08-19 05:30:41,PUB_035,OFF_CPO_05,508,Pending,Under Review,0,0,0
CONV_50980,CLK_119473,2026-08-19 06:03:11,PUB_005,OFF_CPS_02,2613,Approved,None,90000,65000,25000
CONV_50171,CLK_103625,2026-08-19 07:16:52,PUB_014,OFF_FIN_04,1276,Pending,Under Review,0,0,0
CONV_50684,CLK_113708,2026-08-19 08:09:21,PUB_005,OFF_CPO_01,645,Approved,None,310000,220000,90000
CONV_50187,CLK_103897,2026-08-19 10:25:42,PUB_085,OFF_FIN_04,1484,Approved,None,480000,350000,130000
CONV_50166,CLK_103592,2026-08-19 12:03:25,PUB_032,OFF_FIN_05,2574,Approved,None,110000,80000,30000
CONV_50426,CLK_108612,2026-08-19 12:44:51,PUB_077,OFF_CPI_01,1,Rejected,Fake / Bot Traffic,0,0,0
CONV_50089,CLK_101912,2026-08-19 14:37:42,PUB_042,OFF_CPO_02,1,Rejected,Duplicate Phone,0,0,0
CONV_50637,CLK_112766,2026-08-19 15:19:34,PUB_071,OFF_FIN_02,2003,Approved,None,130000,95000,35000
CONV_50482,CLK_109685,2026-08-19 17:12:22,PUB_005,OFF_CPO_01,1322,Approved,None,310000,220000,90000
CONV_50020,CLK_100387,2026-08-19 17:14:08,PUB_004,OFF_FIN_06,232,Rejected,Invalid Lead Form,0,0,0
CONV_50272,CLK_105604,2026-08-19 19:58:52,PUB_024,OFF_CPO_02,2454,Approved,None,280000,195000,85000
CONV_50608,CLK_112181,2026-08-19 20:04:29,PUB_027,OFF_FIN_05,2635,Approved,None,110000,80000,30000
CONV_50506,CLK_110069,2026-08-19 20:10:10,PUB_005,OFF_CPS_01,1593,Approved,None,75000,50000,25000
CONV_50413,CLK_108390,2026-08-19 21:44:34,PUB_061,OFF_CPS_01,1959,Approved,None,75000,50000,25000
CONV_51012,CLK_120042,2026-08-19 21:50:29,PUB_024,OFF_FIN_05,1659,Rejected,Duplicate Phone,0,0,0
CONV_50188,CLK_103902,2026-08-19 22:01:24,PUB_012,OFF_FIN_03,1111,Approved,None,145000,105000,40000
CONV_50891,CLK_117457,2026-08-20 01:09:31,PUB_035,OFF_CPI_01,450,Approved,None,45000,30000,15000
CONV_50447,CLK_109116,2026-08-20 01:19:43,PUB_035,OFF_FIN_01,239,Approved,None,420000,310000,110000
CONV_50895,CLK_117548,2026-08-20 03:53:21,PUB_037,OFF_CPO_03,1943,Approved,None,330000,240000,90000
CONV_50429,CLK_108804,2026-08-20 07:54:19,PUB_042,OFF_CPO_03,2,Rejected,Duplicate Phone,0,0,0
CONV_50040,CLK_100754,2026-08-20 08:39:14,PUB_024,OFF_FIN_05,1261,Pending,Under Review,0,0,0
CONV_50349,CLK_107094,2026-08-20 08:39:17,PUB_091,OFF_CPS_02,1,Approved,Duplicate Phone,90000,65000,25000
CONV_50101,CLK_102286,2026-08-20 09:48:31,PUB_042,OFF_FIN_06,1,Rejected,Fake / Bot Traffic,0,0,0
CONV_50103,CLK_102341,2026-08-20 12:29:12,PUB_025,OFF_FIN_07,91,Approved,None,320000,230000,90000
CONV_50102,CLK_102313,2026-08-20 13:27:38,PUB_014,OFF_CPS_01,1379,Approved,None,75000,50000,25000
CONV_50711,CLK_114185,2026-08-20 15:39:17,PUB_025,OFF_CPI_01,2609,Approved,None,45000,30000,15000
CONV_50766,CLK_115290,2026-08-20 17:42:00,PUB_003,OFF_CPO_05,1782,Rejected,Bad Debt History (CIC),0,0,0
CONV_50874,CLK_117247,2026-08-20 18:51:26,PUB_042,OFF_CPO_03,4,Rejected,Invalid eKYC / OCR Failed,0,0,0
CONV_50104,CLK_102342,2026-08-20 20:18:47,PUB_042,OFF_FIN_07,2,Rejected,Duplicate Phone,0,0,0
CONV_50381,CLK_107676,2026-08-20 22:29:16,PUB_035,OFF_CPO_05,1720,Approved,None,260000,180000,80000
CONV_50121,CLK_102660,2026-08-20 23:45:33,PUB_095,OFF_FIN_04,2553,Approved,None,480000,350000,130000
CONV_50060,CLK_101223,2026-08-21 00:00:50,PUB_052,OFF_FIN_08,910,Approved,None,400000,290000,110000
CONV_50011,CLK_100231,2026-08-21 00:12:18,PUB_042,OFF_FIN_08,1,Rejected,Fake / Bot Traffic,0,0,0
CONV_50819,CLK_116289,2026-08-21 00:29:22,PUB_077,OFF_FIN_07,1,Fraud,Duplicate Phone,0,0,0
CONV_50733,CLK_114615,2026-08-21 01:14:20,PUB_055,OFF_CPS_02,1884,Approved,None,90000,65000,25000
CONV_50746,CLK_114941,2026-08-21 03:23:16,PUB_002,OFF_FIN_06,2030,Approved,None,290000,210000,80000
CONV_50922,CLK_118048,2026-08-21 04:25:31,PUB_095,OFF_CPS_01,1625,Approved,None,75000,50000,25000
CONV_50245,CLK_105051,2026-08-21 05:02:51,PUB_091,OFF_FIN_05,1,Rejected,Invalid eKYC / OCR Failed,0,0,0
CONV_51060,CLK_120817,2026-08-21 11:48:00,PUB_092,OFF_FIN_05,1592,Approved,None,110000,80000,30000
CONV_50757,CLK_115124,2026-08-21 12:18:12,PUB_042,OFF_FIN_02,1,Rejected,Fake / Bot Traffic,0,0,0
CONV_50549,CLK_110955,2026-08-21 13:44:40,PUB_042,OFF_FIN_03,4,Rejected,Invalid eKYC / OCR Failed,0,0,0
CONV_50262,CLK_105417,2026-08-21 14:26:05,PUB_091,OFF_CPO_05,1,Fraud,Invalid eKYC / OCR Failed,0,0,0
CONV_50401,CLK_108131,2026-08-21 14:39:15,PUB_012,OFF_CPO_01,2610,Pending,Under Review,0,0,0
CONV_50376,CLK_107576,2026-08-21 14:49:24,PUB_010,OFF_CPS_01,1128,Approved,None,75000,50000,25000
CONV_50428,CLK_108775,2026-08-21 15:46:34,PUB_001,OFF_FIN_03,2338,Approved,None,145000,105000,40000
CONV_51056,CLK_120733,2026-08-21 16:37:33,PUB_024,OFF_CPI_01,1275,Approved,None,45000,30000,15000
CONV_50134,CLK_102901,2026-08-21 17:51:19,PUB_091,OFF_CPO_03,1,Rejected,Duplicate Phone,0,0,0
CONV_50157,CLK_103382,2026-08-21 18:38:58,PUB_050,OFF_FIN_03,1409,Approved,None,145000,105000,40000
CONV_50268,CLK_105511,2026-08-21 18:40:22,PUB_077,OFF_CPO_03,2,Rejected,Duplicate Phone,0,0,0
CONV_50843,CLK_116702,2026-08-21 19:44:49,PUB_034,OFF_CPO_05,316,Approved,None,260000,180000,80000
CONV_51078,CLK_121172,2026-08-21 20:31:18,PUB_042,OFF_CPS_01,4,Fraud,Duplicate Phone,0,0,0
CONV_50527,CLK_110542,2026-08-21 20:49:53,PUB_029,OFF_CPS_02,772,Approved,None,90000,65000,25000
CONV_51015,CLK_120084,2026-08-21 20:51:07,PUB_091,OFF_FIN_02,2,Rejected,Invalid eKYC / OCR Failed,0,0,0
CONV_50665,CLK_113417,2026-08-21 20:53:11,PUB_005,OFF_CPO_02,2202,Approved,None,280000,195000,85000
CONV_51003,CLK_119912,2026-08-21 21:05:35,PUB_042,OFF_FIN_05,3,Rejected,Fake / Bot Traffic,0,0,0
CONV_51007,CLK_119981,2026-08-21 21:32:17,PUB_024,OFF_FIN_04,1067,Pending,Under Review,0,0,0
CONV_50656,CLK_113227,2026-08-21 22:30:04,PUB_018,OFF_CPO_05,1355,Approved,None,260000,180000,80000
CONV_50579,CLK_111677,2026-08-21 23:00:01,PUB_018,OFF_CPI_01,1950,Approved,None,45000,30000,15000
CONV_51050,CLK_120615,2026-08-21 23:44:15,PUB_018,OFF_FIN_07,1477,Pending,Under Review,0,0,0
CONV_50852,CLK_116817,2026-08-22 01:49:06,PUB_012,OFF_FIN_05,880,Approved,None,110000,80000,30000
CONV_50978,CLK_119461,2026-08-22 02:00:05,PUB_024,OFF_CPO_02,2422,Pending,Under Review,0,0,0
CONV_50721,CLK_114413,2026-08-22 04:08:05,PUB_077,OFF_CPI_01,3,Rejected,Fake / Bot Traffic,0,0,0
CONV_50267,CLK_105475,2026-08-22 05:20:30,PUB_018,OFF_CPS_02,511,Approved,None,90000,65000,25000
CONV_51098,CLK_121690,2026-08-22 05:57:26,PUB_031,OFF_FIN_03,1191,Approved,None,145000,105000,40000
CONV_50247,CLK_105074,2026-08-22 06:04:19,PUB_042,OFF_FIN_03,1,Approved,Invalid eKYC / OCR Failed,145000,105000,40000
CONV_50335,CLK_106913,2026-08-22 06:49:00,PUB_081,OFF_FIN_05,903,Approved,None,110000,80000,30000
CONV_50393,CLK_107961,2026-08-22 07:35:04,PUB_009,OFF_FIN_05,698,Approved,None,110000,80000,30000
CONV_50626,CLK_112546,2026-08-22 07:40:03,PUB_005,OFF_CPI_01,1823,Approved,None,45000,30000,15000
CONV_51063,CLK_120910,2026-08-22 09:03:02,PUB_069,OFF_CPI_01,1693,Approved,None,45000,30000,15000
CONV_50007,CLK_100123,2026-08-22 09:50:44,PUB_077,OFF_FIN_02,2,Rejected,Fake / Bot Traffic,0,0,0
CONV_50406,CLK_108237,2026-08-22 12:56:57,PUB_012,OFF_FIN_03,2122,Approved,None,145000,105000,40000
CONV_50965,CLK_119091,2026-08-22 17:19:06,PUB_034,OFF_CPO_02,1732,Pending,Under Review,0,0,0
CONV_50002,CLK_100037,2026-08-22 18:45:48,PUB_008,OFF_CPO_04,1037,Approved,None,350000,250000,100000
CONV_50638,CLK_112792,2026-08-22 19:13:23,PUB_035,OFF_FIN_03,962,Approved,None,145000,105000,40000
CONV_50837,CLK_116639,2026-08-23 03:25:13,PUB_020,OFF_CPS_01,1886,Approved,None,75000,50000,25000
CONV_50015,CLK_100327,2026-08-23 04:16:48,PUB_005,OFF_FIN_04,213,Approved,None,480000,350000,130000
CONV_51077,CLK_121150,2026-08-23 07:32:06,PUB_005,OFF_CPO_02,377,Approved,None,280000,195000,85000
CONV_50156,CLK_103370,2026-08-23 09:22:58,PUB_005,OFF_FIN_07,1139,Approved,None,320000,230000,90000
CONV_50075,CLK_101702,2026-08-23 11:29:00,PUB_091,OFF_CPI_01,3,Rejected,Duplicate Phone,0,0,0
CONV_50431,CLK_108835,2026-08-23 12:02:56,PUB_039,OFF_FIN_03,2068,Approved,None,145000,105000,40000
CONV_51116,CLK_121886,2026-08-23 13:06:03,PUB_077,OFF_FIN_07,3,Rejected,Invalid eKYC / OCR Failed,0,0,0
CONV_50328,CLK_106736,2026-08-23 13:25:08,PUB_024,OFF_FIN_02,2682,Approved,None,130000,95000,35000
CONV_50679,CLK_113615,2026-08-23 14:06:43,PUB_094,OFF_CPS_01,1427,Approved,None,75000,50000,25000
CONV_50317,CLK_106491,2026-08-23 14:28:13,PUB_092,OFF_CPS_01,1336,Approved,None,75000,50000,25000
CONV_50938,CLK_118519,2026-08-23 17:03:08,PUB_042,OFF_FIN_07,4,Rejected,Fake / Bot Traffic,0,0,0
CONV_50993,CLK_119751,2026-08-23 17:25:49,PUB_012,OFF_CPO_05,2017,Approved,None,260000,180000,80000
CONV_50977,CLK_119402,2026-08-23 18:55:17,PUB_051,OFF_CPO_05,2173,Approved,None,260000,180000,80000
CONV_50901,CLK_117675,2026-08-23 19:33:08,PUB_086,OFF_FIN_01,895,Approved,None,420000,310000,110000
CONV_50903,CLK_117767,2026-08-23 20:40:21,PUB_042,OFF_CPO_04,3,Fraud,Fake / Bot Traffic,0,0,0
CONV_50467,CLK_109416,2026-08-23 21:14:02,PUB_024,OFF_CPS_01,2112,Approved,None,75000,50000,25000
CONV_50326,CLK_106704,2026-08-23 21:30:45,PUB_061,OFF_CPO_01,2523,Approved,None,310000,220000,90000
CONV_50983,CLK_119604,2026-08-23 23:04:42,PUB_018,OFF_CPO_03,924,Rejected,Invalid Lead Form,0,0,0
CONV_51119,CLK_121914,2026-08-23 23:14:49,PUB_042,OFF_CPO_03,3,Fraud,Invalid eKYC / OCR Failed,0,0,0
CONV_50297,CLK_106064,2026-08-24 03:57:19,PUB_088,OFF_FIN_04,267,Pending,Under Review,0,0,0
CONV_51064,CLK_120917,2026-08-24 03:57:45,PUB_091,OFF_CPS_02,2,Fraud,Invalid eKYC / OCR Failed,0,0,0
CONV_50137,CLK_102957,2026-08-24 04:32:36,PUB_091,OFF_FIN_03,4,Rejected,Fake / Bot Traffic,0,0,0
CONV_50873,CLK_117233,2026-08-24 11:42:13,PUB_009,OFF_FIN_01,1182,Pending,Under Review,0,0,0
CONV_50310,CLK_106315,2026-08-24 12:20:08,PUB_013,OFF_CPO_03,1910,Rejected,Duplicate Phone,0,0,0
CONV_50405,CLK_108211,2026-08-24 12:26:58,PUB_060,OFF_FIN_02,2508,Approved,None,130000,95000,35000
CONV_50676,CLK_113581,2026-08-24 13:09:47,PUB_047,OFF_FIN_06,1449,Approved,None,290000,210000,80000
CONV_50209,CLK_104432,2026-08-24 13:24:11,PUB_035,OFF_CPS_02,2266,Rejected,Bad Debt History (CIC),0,0,0
CONV_51106,CLK_121796,2026-08-24 13:33:47,PUB_042,OFF_CPO_04,1,Rejected,Invalid eKYC / OCR Failed,0,0,0
CONV_50391,CLK_107929,2026-08-24 13:42:29,PUB_095,OFF_FIN_03,1659,Approved,None,145000,105000,40000
CONV_50822,CLK_116345,2026-08-24 13:59:59,PUB_035,OFF_CPO_03,2628,Approved,None,330000,240000,90000
CONV_50699,CLK_113978,2026-08-24 15:00:28,PUB_064,OFF_CPO_02,1163,Approved,None,280000,195000,85000
CONV_50388,CLK_107810,2026-08-24 15:47:17,PUB_012,OFF_FIN_05,1017,Approved,None,110000,80000,30000
CONV_50872,CLK_117225,2026-08-24 18:08:12,PUB_012,OFF_CPO_04,1337,Approved,None,350000,250000,100000
CONV_50818,CLK_116255,2026-08-24 18:31:14,PUB_029,OFF_CPO_01,2185,Rejected,Bad Debt History (CIC),0,0,0
CONV_50748,CLK_114984,2026-08-24 18:52:29,PUB_077,OFF_FIN_02,4,Fraud,Invalid eKYC / OCR Failed,0,0,0
CONV_50154,CLK_103335,2026-08-24 19:00:18,PUB_042,OFF_CPO_04,4,Rejected,Duplicate Phone,0,0,0
CONV_50045,CLK_100915,2026-08-24 19:48:11,PUB_054,OFF_FIN_06,1928,Pending,Under Review,0,0,0
CONV_50807,CLK_116101,2026-08-24 20:37:38,PUB_035,OFF_CPO_02,2172,Approved,None,280000,195000,85000
CONV_50200,CLK_104023,2026-08-24 21:14:42,PUB_035,OFF_FIN_06,1027,Approved,None,290000,210000,80000
CONV_50916,CLK_117950,2026-08-24 21:38:19,PUB_091,OFF_CPO_01,3,Fraud,Invalid eKYC / OCR Failed,0,0,0
CONV_50578,CLK_111670,2026-08-24 21:46:34,PUB_056,OFF_FIN_03,2449,Approved,None,145000,105000,40000
CONV_50658,CLK_113252,2026-08-24 22:58:00,PUB_013,OFF_FIN_01,1445,Approved,None,420000,310000,110000
CONV_50012,CLK_100276,2026-08-25 03:09:39,PUB_013,OFF_FIN_04,2667,Pending,Under Review,0,0,0
CONV_50913,CLK_117916,2026-08-25 03:17:00,PUB_024,OFF_FIN_07,959,Pending,Under Review,0,0,0
CONV_50636,CLK_112752,2026-08-25 04:00:47,PUB_018,OFF_CPO_05,816,Rejected,Duplicate Phone,0,0,0
CONV_50663,CLK_113320,2026-08-25 04:40:16,PUB_024,OFF_FIN_02,1966,Approved,None,130000,95000,35000
CONV_50375,CLK_107535,2026-08-25 05:09:04,PUB_077,OFF_FIN_04,3,Rejected,Fake / Bot Traffic,0,0,0
CONV_50494,CLK_109896,2026-08-25 07:21:58,PUB_013,OFF_CPS_01,2510,Pending,Under Review,0,0,0
CONV_50853,CLK_116826,2026-08-25 07:58:59,PUB_047,OFF_FIN_04,628,Approved,None,480000,350000,130000
CONV_50514,CLK_110308,2026-08-25 09:47:43,PUB_040,OFF_FIN_04,2314,Rejected,Bad Debt History (CIC),0,0,0
CONV_50382,CLK_107731,2026-08-25 10:38:42,PUB_077,OFF_CPS_01,3,Rejected,Duplicate Phone,0,0,0
CONV_51113,CLK_121858,2026-08-25 11:41:06,PUB_056,OFF_FIN_01,2130,Approved,None,420000,310000,110000
CONV_50412,CLK_108355,2026-08-25 11:52:52,PUB_035,OFF_FIN_01,472,Pending,Under Review,0,0,0
CONV_50783,CLK_115576,2026-08-25 12:14:30,PUB_077,OFF_FIN_03,1,Rejected,Invalid eKYC / OCR Failed,0,0,0
CONV_50421,CLK_108497,2026-08-25 12:34:18,PUB_035,OFF_CPO_01,2546,Approved,None,310000,220000,90000
CONV_50309,CLK_106289,2026-08-25 14:05:05,PUB_042,OFF_FIN_05,2,Fraud,Invalid eKYC / OCR Failed,0,0,0
CONV_50384,CLK_107746,2026-08-25 15:20:40,PUB_059,OFF_FIN_07,1015,Rejected,Invalid Lead Form,0,0,0
CONV_50538,CLK_110795,2026-08-25 15:37:13,PUB_042,OFF_FIN_07,1,Rejected,Fake / Bot Traffic,0,0,0
CONV_50345,CLK_107025,2026-08-25 16:51:57,PUB_035,OFF_FIN_08,2191,Pending,Under Review,0,0,0
CONV_51044,CLK_120547,2026-08-25 17:04:30,PUB_042,OFF_FIN_01,2,Rejected,Invalid eKYC / OCR Failed,0,0,0
CONV_50296,CLK_106061,2026-08-25 19:29:19,PUB_015,OFF_CPS_01,1216,Pending,Under Review,0,0,0
CONV_50854,CLK_116852,2026-08-25 20:06:05,PUB_081,OFF_CPI_01,106,Rejected,Bad Debt History (CIC),0,0,0
CONV_50813,CLK_116199,2026-08-25 21:12:52,PUB_083,OFF_FIN_07,1708,Approved,None,320000,230000,90000
CONV_50438,CLK_108888,2026-08-26 00:06:21,PUB_005,OFF_CPS_01,1336,Approved,None,75000,50000,25000
CONV_50792,CLK_115771,2026-08-26 02:19:57,PUB_026,OFF_CPI_01,977,Approved,None,45000,30000,15000
CONV_50146,CLK_103072,2026-08-26 02:22:57,PUB_005,OFF_FIN_03,1190,Approved,None,145000,105000,40000
CONV_50821,CLK_116333,2026-08-26 03:57:27,PUB_019,OFF_CPS_02,2526,Rejected,Invalid Lead Form,0,0,0
CONV_50688,CLK_113751,2026-08-26 04:20:37,PUB_043,OFF_CPO_03,1271,Approved,None,330000,240000,90000
CONV_51100,CLK_121708,2026-08-26 04:33:09,PUB_002,OFF_FIN_04,722,Approved,None,480000,350000,130000
CONV_50085,CLK_101891,2026-08-26 05:36:45,PUB_035,OFF_FIN_03,2034,Rejected,Customer Cancelled,0,0,0
CONV_50751,CLK_115041,2026-08-26 05:41:20,PUB_042,OFF_CPO_01,1,Rejected,Invalid eKYC / OCR Failed,0,0,0
CONV_50177,CLK_103800,2026-08-26 06:11:21,PUB_042,OFF_FIN_04,1,Rejected,Duplicate Phone,0,0,0
CONV_50727,CLK_114502,2026-08-26 06:20:26,PUB_042,OFF_CPO_02,4,Rejected,Duplicate Phone,0,0,0
CONV_50274,CLK_105640,2026-08-26 09:01:17,PUB_012,OFF_FIN_05,972,Approved,None,110000,80000,30000
CONV_50206,CLK_104237,2026-08-26 09:03:53,PUB_083,OFF_FIN_05,2185,Approved,None,110000,80000,30000
CONV_51095,CLK_121602,2026-08-26 10:18:29,PUB_057,OFF_CPO_05,729,Approved,None,260000,180000,80000
CONV_50816,CLK_116227,2026-08-26 11:19:47,PUB_024,OFF_CPO_02,1359,Approved,None,280000,195000,85000
CONV_50224,CLK_104660,2026-08-26 14:04:31,PUB_018,OFF_CPI_01,1812,Approved,None,45000,30000,15000
CONV_50287,CLK_105839,2026-08-26 14:47:24,PUB_091,OFF_CPI_01,2,Rejected,Invalid eKYC / OCR Failed,0,0,0
CONV_50314,CLK_106412,2026-08-26 15:43:43,PUB_017,OFF_CPO_02,1343,Approved,None,280000,195000,85000
CONV_50275,CLK_105642,2026-08-26 16:55:48,PUB_091,OFF_FIN_06,4,Rejected,Invalid eKYC / OCR Failed,0,0,0
CONV_50961,CLK_119035,2026-08-26 21:42:02,PUB_012,OFF_FIN_08,2093,Approved,None,400000,290000,110000
CONV_50496,CLK_109947,2026-08-26 22:06:46,PUB_021,OFF_CPS_01,2440,Approved,None,75000,50000,25000
CONV_50528,CLK_110549,2026-08-26 22:33:54,PUB_013,OFF_CPI_01,921,Approved,None,45000,30000,15000
CONV_51033,CLK_120304,2026-08-27 00:01:51,PUB_085,OFF_FIN_05,758,Approved,None,110000,80000,30000
CONV_50820,CLK_116317,2026-08-27 01:46:38,PUB_012,OFF_CPO_03,2032,Approved,None,330000,240000,90000
CONV_50920,CLK_117998,2026-08-27 02:24:49,PUB_011,OFF_FIN_04,2552,Rejected,Bad Debt History (CIC),0,0,0
CONV_51018,CLK_120124,2026-08-27 04:14:26,PUB_081,OFF_FIN_06,614,Approved,None,290000,210000,80000
CONV_50945,CLK_118747,2026-08-27 04:55:39,PUB_035,OFF_CPO_05,682,Approved,None,260000,180000,80000
CONV_50304,CLK_106212,2026-08-27 07:20:51,PUB_091,OFF_CPO_03,4,Fraud,Duplicate Phone,0,0,0
CONV_50793,CLK_115796,2026-08-27 10:36:29,PUB_035,OFF_FIN_07,393,Rejected,Duplicate Phone,0,0,0
CONV_50004,CLK_100063,2026-08-27 10:52:40,PUB_098,OFF_CPO_05,1794,Pending,Under Review,0,0,0
CONV_50566,CLK_111382,2026-08-27 10:58:50,PUB_080,OFF_CPO_04,1006,Approved,None,350000,250000,100000
CONV_50554,CLK_111113,2026-08-27 13:56:22,PUB_066,OFF_CPO_05,1768,Approved,None,260000,180000,80000
CONV_50189,CLK_103913,2026-08-27 14:57:42,PUB_005,OFF_CPO_05,1069,Pending,Under Review,0,0,0
CONV_50630,CLK_112636,2026-08-27 15:01:17,PUB_012,OFF_FIN_08,631,Pending,Under Review,0,0,0
CONV_50616,CLK_112327,2026-08-27 19:30:46,PUB_016,OFF_CPO_05,1650,Approved,None,260000,180000,80000
CONV_50323,CLK_106662,2026-08-27 19:54:27,PUB_012,OFF_FIN_04,408,Rejected,Customer Cancelled,0,0,0
CONV_50831,CLK_116511,2026-08-27 21:34:30,PUB_005,OFF_CPO_02,883,Approved,None,280000,195000,85000
CONV_50632,CLK_112704,2026-08-27 22:02:01,PUB_024,OFF_CPO_04,2093,Pending,Under Review,0,0,0
CONV_50835,CLK_116597,2026-08-27 22:17:12,PUB_061,OFF_CPI_01,1922,Approved,None,45000,30000,15000
CONV_50437,CLK_108886,2026-08-28 02:25:55,PUB_035,OFF_FIN_01,188,Rejected,Duplicate Phone,0,0,0
CONV_50493,CLK_109880,2026-08-28 02:38:35,PUB_017,OFF_FIN_03,1313,Rejected,Invalid Lead Form,0,0,0
CONV_50995,CLK_119789,2026-08-28 03:36:39,PUB_024,OFF_CPO_03,678,Pending,Under Review,0,0,0
CONV_50519,CLK_110399,2026-08-28 03:48:52,PUB_091,OFF_CPO_01,2,Fraud,Duplicate Phone,0,0,0
CONV_50003,CLK_100047,2026-08-28 03:52:32,PUB_018,OFF_CPO_03,807,Approved,None,330000,240000,90000
CONV_50588,CLK_111830,2026-08-28 04:04:26,PUB_053,OFF_FIN_04,609,Approved,None,480000,350000,130000
CONV_50932,CLK_118421,2026-08-28 05:05:46,PUB_024,OFF_FIN_04,2460,Approved,None,480000,350000,130000
CONV_50241,CLK_104908,2026-08-28 05:47:02,PUB_077,OFF_FIN_03,1,Fraud,Fake / Bot Traffic,0,0,0
CONV_51004,CLK_119931,2026-08-28 06:23:56,PUB_052,OFF_CPO_01,1269,Approved,None,310000,220000,90000
CONV_51032,CLK_120289,2026-08-28 06:36:02,PUB_035,OFF_CPO_02,714,Approved,None,280000,195000,85000
CONV_51041,CLK_120497,2026-08-28 07:47:46,PUB_062,OFF_FIN_05,400,Pending,Under Review,0,0,0
CONV_50120,CLK_102658,2026-08-28 08:19:17,PUB_020,OFF_CPO_05,2369,Approved,None,260000,180000,80000
CONV_50568,CLK_111440,2026-08-28 11:11:25,PUB_042,OFF_FIN_03,1,Rejected,Fake / Bot Traffic,0,0,0
CONV_50034,CLK_100642,2026-08-28 12:03:44,PUB_077,OFF_FIN_05,3,Rejected,Fake / Bot Traffic,0,0,0
CONV_50687,CLK_113740,2026-08-28 13:35:14,PUB_042,OFF_CPO_03,4,Rejected,Fake / Bot Traffic,0,0,0
CONV_50380,CLK_107647,2026-08-28 14:20:00,PUB_023,OFF_CPO_01,2262,Approved,None,310000,220000,90000
CONV_50997,CLK_119805,2026-08-28 14:30:40,PUB_002,OFF_FIN_04,2086,Approved,None,480000,350000,130000
CONV_50723,CLK_114420,2026-08-28 17:51:54,PUB_024,OFF_FIN_02,351,Rejected,Bad Debt History (CIC),0,0,0
CONV_50145,CLK_103070,2026-08-28 22:05:32,PUB_042,OFF_FIN_07,3,Rejected,Duplicate Phone,0,0,0
CONV_50136,CLK_102910,2026-08-29 02:25:38,PUB_005,OFF_FIN_04,1315,Approved,None,480000,350000,130000
CONV_50840,CLK_116671,2026-08-29 03:47:02,PUB_024,OFF_FIN_08,1817,Approved,None,400000,290000,110000
CONV_50641,CLK_112839,2026-08-29 04:36:33,PUB_042,OFF_CPO_05,2,Fraud,Fake / Bot Traffic,0,0,0
CONV_50619,CLK_112388,2026-08-29 07:58:41,PUB_077,OFF_CPO_03,1,Rejected,Duplicate Phone,0,0,0
CONV_50737,CLK_114687,2026-08-29 08:00:27,PUB_018,OFF_CPS_02,870,Approved,None,90000,65000,25000
CONV_50365,CLK_107379,2026-08-29 10:06:27,PUB_038,OFF_CPO_04,465,Approved,None,350000,250000,100000
CONV_50456,CLK_109248,2026-08-29 10:13:05,PUB_090,OFF_CPO_01,2132,Approved,None,310000,220000,90000
CONV_50574,CLK_111639,2026-08-29 10:28:11,PUB_012,OFF_FIN_07,1068,Pending,Under Review,0,0,0
CONV_50927,CLK_118277,2026-08-29 12:04:53,PUB_091,OFF_FIN_06,2,Approved,Duplicate Phone,290000,210000,80000
CONV_50742,CLK_114849,2026-08-29 13:19:27,PUB_019,OFF_CPS_02,2455,Approved,None,90000,65000,25000
CONV_50782,CLK_115569,2026-08-29 14:21:26,PUB_018,OFF_FIN_04,1543,Rejected,Customer Cancelled,0,0,0
CONV_51019,CLK_120132,2026-08-29 15:26:43,PUB_010,OFF_CPS_01,1324,Approved,None,75000,50000,25000
CONV_50776,CLK_115531,2026-08-29 15:49:42,PUB_029,OFF_FIN_07,1194,Approved,None,320000,230000,90000
CONV_51005,CLK_119968,2026-08-29 21:01:09,PUB_005,OFF_CPO_03,1951,Approved,None,330000,240000,90000
CONV_50132,CLK_102801,2026-08-29 21:59:43,PUB_005,OFF_CPI_01,2679,Approved,None,45000,30000,15000
CONV_50219,CLK_104545,2026-08-29 22:19:03,PUB_042,OFF_FIN_01,2,Rejected,Fake / Bot Traffic,0,0,0
CONV_50501,CLK_110007,2026-08-29 23:36:34,PUB_012,OFF_CPI_01,441,Approved,None,45000,30000,15000
CONV_50131,CLK_102799,2026-08-30 00:45:05,PUB_024,OFF_CPO_05,2312,Approved,None,260000,180000,80000
CONV_50845,CLK_116715,2026-08-30 01:08:18,PUB_041,OFF_CPO_05,1097,Approved,None,260000,180000,80000
CONV_50354,CLK_107140,2026-08-30 03:45:54,PUB_022,OFF_CPI_01,2584,Approved,None,45000,30000,15000
CONV_50760,CLK_115160,2026-08-30 03:57:41,PUB_012,OFF_FIN_03,2524,Approved,None,145000,105000,40000
CONV_50849,CLK_116742,2026-08-30 08:54:18,PUB_035,OFF_FIN_03,118,Approved,None,145000,105000,40000
CONV_51091,CLK_121491,2026-08-30 11:12:58,PUB_024,OFF_FIN_07,1136,Pending,Under Review,0,0,0
CONV_50051,CLK_100974,2026-08-30 14:34:07,PUB_035,OFF_CPS_02,2496,Approved,None,90000,65000,25000
CONV_51054,CLK_120714,2026-08-30 16:12:53,PUB_012,OFF_FIN_07,1042,Rejected,Invalid Lead Form,0,0,0
CONV_50876,CLK_117274,2026-08-30 17:47:45,PUB_077,OFF_FIN_03,1,Fraud,Invalid eKYC / OCR Failed,0,0,0
CONV_50919,CLK_117983,2026-08-30 20:34:17,PUB_024,OFF_CPO_01,1382,Pending,Under Review,0,0,0
CONV_50283,CLK_105748,2026-08-30 20:40:52,PUB_077,OFF_CPI_01,3,Rejected,Fake / Bot Traffic,0,0,0
CONV_50028,CLK_100539,2026-08-30 21:32:48,PUB_005,OFF_CPS_02,583,Approved,None,90000,65000,25000
CONV_50415,CLK_108403,2026-08-30 22:21:22,PUB_012,OFF_CPO_02,933,Approved,None,280000,195000,85000
CONV_50331,CLK_106863,2026-08-30 22:45:48,PUB_043,OFF_FIN_01,2577,Pending,Under Review,0,0,0
CONV_50882,CLK_117387,2026-08-31 00:29:27,PUB_005,OFF_CPO_03,1784,Approved,None,330000,240000,90000
CONV_51069,CLK_121012,2026-08-31 00:58:25,PUB_091,OFF_FIN_04,3,Rejected,Duplicate Phone,0,0,0
CONV_50088,CLK_101902,2026-08-31 02:41:54,PUB_005,OFF_CPO_04,186,Rejected,Duplicate Phone,0,0,0
CONV_50827,CLK_116470,2026-08-31 03:31:44,PUB_031,OFF_CPS_02,854,Approved,None,90000,65000,25000
CONV_50576,CLK_111649,2026-08-31 04:49:21,PUB_085,OFF_FIN_04,1102,Approved,None,480000,350000,130000
CONV_50451,CLK_109166,2026-08-31 07:57:14,PUB_095,OFF_FIN_07,2551,Rejected,Duplicate Phone,0,0,0
CONV_50036,CLK_100682,2026-08-31 10:05:22,PUB_018,OFF_FIN_06,425,Pending,Under Review,0,0,0
CONV_50570,CLK_111564,2026-08-31 10:33:34,PUB_018,OFF_CPS_02,1565,Approved,None,90000,65000,25000
CONV_50990,CLK_119708,2026-08-31 11:37:41,PUB_012,OFF_FIN_04,1877,Approved,None,480000,350000,130000
CONV_50963,CLK_119047,2026-08-31 11:55:09,PUB_051,OFF_FIN_04,1818,Approved,None,480000,350000,130000
CONV_50622,CLK_112461,2026-08-31 12:35:51,PUB_090,OFF_FIN_02,927,Approved,None,130000,95000,35000
CONV_50087,CLK_101899,2026-08-31 12:37:35,PUB_035,OFF_FIN_02,2479,Approved,None,130000,95000,35000
CONV_51123,CLK_121989,2026-08-31 15:32:21,PUB_024,OFF_CPO_02,1743,Approved,None,280000,195000,85000
CONV_50575,CLK_111640,2026-08-31 17:08:00,PUB_092,OFF_CPO_01,1927,Rejected,Bad Debt History (CIC),0,0,0
CONV_50005,CLK_100081,2026-08-31 17:57:31,PUB_075,OFF_CPO_05,305,Approved,None,260000,180000,80000
CONV_50315,CLK_106434,2026-08-31 18:39:30,PUB_087,OFF_FIN_04,269,Rejected,Bad Debt History (CIC),0,0,0
CONV_50440,CLK_108902,2026-08-31 18:56:04,PUB_012,OFF_CPS_02,2532,Approved,None,90000,65000,25000
CONV_50064,CLK_101400,2026-08-31 20:33:51,PUB_005,OFF_FIN_06,2638,Approved,None,290000,210000,80000
CONV_51049,CLK_120587,2026-08-31 20:39:11,PUB_005,OFF_FIN_04,609,Rejected,Customer Cancelled,0,0,0
CONV_50295,CLK_105984,2026-08-31 20:59:21,PUB_005,OFF_FIN_05,2421,Approved,None,110000,80000,30000
CONV_50398,CLK_108048,2026-08-31 21:08:20,PUB_042,OFF_CPI_01,3,Rejected,Duplicate Phone,0,0,0
CONV_50100,CLK_102103,2026-08-31 21:22:29,PUB_005,OFF_CPS_01,2348,Approved,None,75000,50000,25000
CONV_50359,CLK_107289,2026-08-31 21:33:23,PUB_085,OFF_CPO_04,2469,Rejected,Bad Debt History (CIC),0,0,0
CONV_50953,CLK_118870,2026-08-31 21:34:29,PUB_043,OFF_FIN_03,797,Pending,Under Review,0,0,0
CONV_50305,CLK_106221,2026-08-31 21:48:57,PUB_091,OFF_FIN_07,1,Fraud,Invalid eKYC / OCR Failed,0,0,0
CONV_51124,CLK_121993,2026-08-31 22:30:40,PUB_035,OFF_CPO_01,250,Approved,None,310000,220000,90000
CONV_50127,CLK_102749,2026-08-31 23:27:28,PUB_002,OFF_CPO_02,1043,Approved,None,280000,195000,85000
CONV_50631,CLK_112703,2026-08-31 23:36:50,PUB_035,OFF_CPO_03,369,Approved,None,330000,240000,90000
CONV_50459,CLK_109286,2026-09-01 00:15:39,PUB_018,OFF_CPO_04,2156,Approved,None,350000,250000,100000
CONV_50600,CLK_112068,2026-09-01 00:30:50,PUB_091,OFF_FIN_01,1,Rejected,Duplicate Phone,0,0,0
CONV_51008,CLK_119989,2026-09-01 00:58:14,PUB_049,OFF_CPO_04,2460,Pending,Under Review,0,0,0
CONV_50360,CLK_107293,2026-09-01 01:07:49,PUB_024,OFF_CPO_05,2078,Approved,None,260000,180000,80000
CONV_50761,CLK_115167,2026-09-01 01:49:44,PUB_074,OFF_FIN_06,1207,Pending,Under Review,0,0,0
CONV_50276,CLK_105691,2026-09-01 04:18:07,PUB_005,OFF_CPO_02,2144,Approved,None,280000,195000,85000
CONV_50069,CLK_101539,2026-09-01 06:07:54,PUB_077,OFF_CPS_02,3,Fraud,Invalid eKYC / OCR Failed,0,0,0
CONV_50773,CLK_115476,2026-09-01 08:55:13,PUB_035,OFF_FIN_01,2201,Rejected,Bad Debt History (CIC),0,0,0
CONV_50610,CLK_112224,2026-09-01 10:02:30,PUB_081,OFF_FIN_01,1124,Pending,Under Review,0,0,0
CONV_50230,CLK_104723,2026-09-01 10:41:54,PUB_073,OFF_FIN_01,2105,Approved,None,420000,310000,110000
CONV_50672,CLK_113506,2026-09-01 10:43:21,PUB_035,OFF_FIN_04,326,Pending,Under Review,0,0,0
CONV_50702,CLK_114023,2026-09-01 12:35:36,PUB_035,OFF_FIN_01,2660,Approved,None,420000,310000,110000
CONV_50106,CLK_102395,2026-09-01 14:42:54,PUB_010,OFF_CPI_01,2000,Approved,None,45000,30000,15000
CONV_50306,CLK_106237,2026-09-01 15:59:49,PUB_012,OFF_CPO_03,1464,Approved,None,330000,240000,90000
CONV_51110,CLK_121833,2026-09-01 16:06:04,PUB_044,OFF_CPS_02,659,Approved,None,90000,65000,25000
CONV_51058,CLK_120782,2026-09-01 16:10:44,PUB_024,OFF_CPS_01,2633,Approved,None,75000,50000,25000
CONV_50108,CLK_102424,2026-09-01 16:20:07,PUB_012,OFF_CPS_01,360,Pending,Under Review,0,0,0
CONV_50511,CLK_110154,2026-09-01 20:21:27,PUB_007,OFF_FIN_07,2558,Pending,Under Review,0,0,0
CONV_50049,CLK_100947,2026-09-01 21:59:39,PUB_018,OFF_CPS_01,923,Rejected,Customer Cancelled,0,0,0
CONV_50936,CLK_118468,2026-09-01 23:19:23,PUB_012,OFF_CPS_02,2638,Approved,None,90000,65000,25000
CONV_50165,CLK_103571,2026-09-01 23:20:45,PUB_092,OFF_FIN_02,353,Rejected,Bad Debt History (CIC),0,0,0
CONV_50329,CLK_106847,2026-09-02 02:28:51,PUB_035,OFF_CPO_01,1446,Approved,None,310000,220000,90000
CONV_50921,CLK_118002,2026-09-02 03:26:43,PUB_050,OFF_CPS_01,252,Approved,None,75000,50000,25000
CONV_50683,CLK_113700,2026-09-02 04:15:04,PUB_012,OFF_CPO_03,1395,Approved,None,330000,240000,90000
CONV_51025,CLK_120185,2026-09-02 05:01:08,PUB_091,OFF_CPI_01,3,Rejected,Invalid eKYC / OCR Failed,0,0,0
CONV_50410,CLK_108325,2026-09-02 09:54:18,PUB_022,OFF_CPO_02,2449,Approved,None,280000,195000,85000
CONV_50399,CLK_108070,2026-09-02 11:08:26,PUB_024,OFF_FIN_01,772,Pending,Under Review,0,0,0
CONV_50175,CLK_103679,2026-09-02 12:07:02,PUB_061,OFF_FIN_02,849,Approved,None,130000,95000,35000
CONV_50483,CLK_109695,2026-09-02 12:37:46,PUB_025,OFF_FIN_04,1359,Pending,Under Review,0,0,0
CONV_50135,CLK_102909,2026-09-02 13:32:44,PUB_012,OFF_CPS_01,1362,Rejected,Customer Cancelled,0,0,0
CONV_51061,CLK_120833,2026-09-02 13:47:40,PUB_099,OFF_FIN_04,2094,Pending,Under Review,0,0,0
CONV_50678,CLK_113600,2026-09-02 17:15:40,PUB_034,OFF_CPO_05,995,Approved,None,260000,180000,80000
CONV_50779,CLK_115546,2026-09-02 17:27:36,PUB_035,OFF_CPO_02,1169,Rejected,Bad Debt History (CIC),0,0,0
CONV_50682,CLK_113664,2026-09-02 18:03:45,PUB_024,OFF_FIN_04,2697,Approved,None,480000,350000,130000
CONV_50180,CLK_103821,2026-09-02 19:32:27,PUB_087,OFF_CPO_02,1133,Pending,Under Review,0,0,0
CONV_50999,CLK_119857,2026-09-02 19:48:59,PUB_035,OFF_FIN_06,66,Rejected,Customer Cancelled,0,0,0
CONV_50320,CLK_106654,2026-09-02 20:46:25,PUB_094,OFF_FIN_05,1457,Approved,None,110000,80000,30000
CONV_50717,CLK_114329,2026-09-02 20:48:44,PUB_050,OFF_FIN_05,400,Approved,None,110000,80000,30000
CONV_50261,CLK_105383,2026-09-02 22:46:24,PUB_042,OFF_CPO_02,2,Rejected,Fake / Bot Traffic,0,0,0
CONV_50422,CLK_108539,2026-09-02 22:51:07,PUB_078,OFF_FIN_07,1495,Approved,None,320000,230000,90000
CONV_50706,CLK_114100,2026-09-03 01:45:30,PUB_042,OFF_CPO_01,2,Rejected,Invalid eKYC / OCR Failed,0,0,0
CONV_50280,CLK_105728,2026-09-03 01:48:37,PUB_005,OFF_FIN_01,1587,Approved,None,420000,310000,110000
CONV_50971,CLK_119267,2026-09-03 03:23:24,PUB_042,OFF_FIN_03,4,Fraud,Invalid eKYC / OCR Failed,0,0,0
CONV_50753,CLK_115066,2026-09-03 04:50:06,PUB_041,OFF_CPS_01,983,Approved,None,75000,50000,25000
CONV_50657,CLK_113249,2026-09-03 05:58:36,PUB_061,OFF_FIN_01,750,Approved,None,420000,310000,110000
CONV_50264,CLK_105420,2026-09-03 07:08:41,PUB_059,OFF_FIN_03,698,Approved,None,145000,105000,40000
CONV_50207,CLK_104279,2026-09-03 07:52:09,PUB_091,OFF_CPO_05,3,Rejected,Fake / Bot Traffic,0,0,0
CONV_50181,CLK_103845,2026-09-03 12:40:57,PUB_024,OFF_CPO_01,160,Pending,Under Review,0,0,0
CONV_50986,CLK_119631,2026-09-03 17:46:57,PUB_012,OFF_CPO_02,625,Approved,None,280000,195000,85000
CONV_50592,CLK_111944,2026-09-03 19:50:23,PUB_059,OFF_FIN_02,1275,Approved,None,130000,95000,35000
CONV_50621,CLK_112448,2026-09-04 00:19:02,PUB_077,OFF_CPO_01,1,Fraud,Fake / Bot Traffic,0,0,0
CONV_50350,CLK_107110,2026-09-04 00:24:23,PUB_024,OFF_FIN_02,1630,Approved,None,130000,95000,35000
CONV_50271,CLK_105574,2026-09-04 00:37:38,PUB_013,OFF_FIN_01,2631,Approved,None,420000,310000,110000
CONV_50347,CLK_107063,2026-09-04 02:06:58,PUB_038,OFF_CPO_01,1827,Approved,None,310000,220000,90000
CONV_50908,CLK_117824,2026-09-04 05:00:31,PUB_024,OFF_FIN_07,2062,Approved,None,320000,230000,90000
CONV_50079,CLK_101787,2026-09-04 05:27:55,PUB_068,OFF_FIN_03,439,Approved,None,145000,105000,40000
CONV_50546,CLK_110884,2026-09-04 08:22:19,PUB_042,OFF_CPO_02,1,Rejected,Fake / Bot Traffic,0,0,0
CONV_50327,CLK_106713,2026-09-04 08:59:41,PUB_042,OFF_CPO_02,3,Fraud,Invalid eKYC / OCR Failed,0,0,0
CONV_51037,CLK_120389,2026-09-04 09:36:57,PUB_018,OFF_FIN_03,2467,Approved,None,145000,105000,40000
CONV_51107,CLK_121800,2026-09-04 10:17:41,PUB_097,OFF_FIN_05,839,Approved,None,110000,80000,30000
CONV_50356,CLK_107187,2026-09-04 11:28:25,PUB_001,OFF_CPO_01,922,Approved,None,310000,220000,90000
CONV_50481,CLK_109649,2026-09-04 11:43:04,PUB_018,OFF_CPS_02,2069,Approved,None,90000,65000,25000
CONV_51096,CLK_121614,2026-09-04 13:06:27,PUB_006,OFF_CPS_02,540,Pending,Under Review,0,0,0
CONV_50478,CLK_109536,2026-09-04 14:13:32,PUB_097,OFF_FIN_06,1038,Pending,Under Review,0,0,0
CONV_50446,CLK_109062,2026-09-04 14:14:03,PUB_077,OFF_CPI_01,1,Rejected,Duplicate Phone,0,0,0
CONV_51002,CLK_119904,2026-09-04 15:48:43,PUB_008,OFF_FIN_07,622,Approved,None,320000,230000,90000
CONV_50423,CLK_108556,2026-09-04 18:09:32,PUB_024,OFF_FIN_04,2519,Rejected,Bad Debt History (CIC),0,0,0
CONV_50547,CLK_110897,2026-09-04 18:44:19,PUB_088,OFF_CPO_01,702,Approved,None,310000,220000,90000
CONV_50659,CLK_113258,2026-09-04 19:35:12,PUB_093,OFF_FIN_06,1700,Approved,None,290000,210000,80000
CONV_50957,CLK_118966,2026-09-04 19:48:05,PUB_021,OFF_FIN_05,1004,Approved,None,110000,80000,30000
CONV_50343,CLK_107003,2026-09-04 22:39:39,PUB_059,OFF_FIN_07,603,Approved,None,320000,230000,90000
CONV_50238,CLK_104854,2026-09-04 22:42:13,PUB_024,OFF_CPO_02,1205,Rejected,Invalid Lead Form,0,0,0
CONV_50196,CLK_103972,2026-09-05 00:54:44,PUB_077,OFF_FIN_07,3,Rejected,Duplicate Phone,0,0,0
CONV_50785,CLK_115611,2026-09-05 02:43:39,PUB_033,OFF_CPO_01,1193,Approved,None,310000,220000,90000
CONV_50856,CLK_116987,2026-09-05 03:41:16,PUB_024,OFF_CPI_01,2639,Approved,None,45000,30000,15000
CONV_50825,CLK_116446,2026-09-05 04:52:03,PUB_012,OFF_FIN_05,218,Approved,None,110000,80000,30000
CONV_50198,CLK_104014,2026-09-05 06:44:59,PUB_005,OFF_CPO_05,171,Rejected,Invalid Lead Form,0,0,0
CONV_50118,CLK_102620,2026-09-05 06:52:46,PUB_060,OFF_CPI_01,448,Approved,None,45000,30000,15000
CONV_50770,CLK_115371,2026-09-05 07:12:25,PUB_035,OFF_FIN_04,1813,Pending,Under Review,0,0,0
CONV_50734,CLK_114636,2026-09-05 07:24:20,PUB_005,OFF_FIN_04,49,Rejected,Duplicate Phone,0,0,0
CONV_51057,CLK_120758,2026-09-05 07:34:16,PUB_042,OFF_CPS_01,2,Rejected,Fake / Bot Traffic,0,0,0
CONV_50030,CLK_100584,2026-09-05 11:29:20,PUB_024,OFF_CPS_01,1273,Approved,None,75000,50000,25000
CONV_50671,CLK_113501,2026-09-05 12:13:57,PUB_012,OFF_CPI_01,630,Approved,None,45000,30000,15000
CONV_50138,CLK_102966,2026-09-05 15:07:49,PUB_018,OFF_CPO_05,200,Approved,None,260000,180000,80000
CONV_50769,CLK_115370,2026-09-05 15:42:25,PUB_026,OFF_CPO_01,1664,Approved,None,310000,220000,90000
CONV_50755,CLK_115117,2026-09-05 16:46:34,PUB_077,OFF_FIN_06,1,Fraud,Fake / Bot Traffic,0,0,0
CONV_50730,CLK_114592,2026-09-05 21:28:55,PUB_091,OFF_FIN_05,2,Fraud,Fake / Bot Traffic,0,0,0
CONV_50797,CLK_115865,2026-09-05 23:33:07,PUB_005,OFF_CPO_05,1971,Pending,Under Review,0,0,0
CONV_50696,CLK_113909,2026-09-06 01:30:43,PUB_024,OFF_CPI_01,1886,Approved,None,45000,30000,15000
CONV_50251,CLK_105136,2026-09-06 05:23:15,PUB_047,OFF_CPO_01,2249,Approved,None,310000,220000,90000
CONV_50752,CLK_115054,2026-09-06 06:00:12,PUB_076,OFF_FIN_01,1039,Pending,Under Review,0,0,0
CONV_50871,CLK_117220,2026-09-06 06:54:30,PUB_068,OFF_FIN_03,2350,Approved,None,145000,105000,40000
CONV_50124,CLK_102713,2026-09-06 11:13:55,PUB_018,OFF_FIN_08,1478,Approved,None,400000,290000,110000
CONV_50512,CLK_110162,2026-09-06 12:37:09,PUB_099,OFF_FIN_02,44,Approved,None,130000,95000,35000
CONV_50640,CLK_112819,2026-09-06 14:12:43,PUB_082,OFF_FIN_07,270,Pending,Under Review,0,0,0
CONV_50680,CLK_113624,2026-09-06 14:30:36,PUB_035,OFF_CPO_02,1303,Rejected,Customer Cancelled,0,0,0
CONV_51083,CLK_121300,2026-09-06 14:52:54,PUB_024,OFF_CPS_01,1226,Approved,None,75000,50000,25000
CONV_50449,CLK_109160,2026-09-06 15:16:33,PUB_012,OFF_CPS_01,1300,Approved,None,75000,50000,25000
CONV_50342,CLK_106999,2026-09-06 15:56:29,PUB_040,OFF_CPI_01,2635,Approved,None,45000,30000,15000
CONV_50537,CLK_110764,2026-09-06 18:23:06,PUB_024,OFF_FIN_06,579,Approved,None,290000,210000,80000
CONV_50768,CLK_115334,2026-09-06 20:17:35,PUB_077,OFF_FIN_03,4,Fraud,Invalid eKYC / OCR Failed,0,0,0
CONV_50377,CLK_107594,2026-09-06 21:23:51,PUB_025,OFF_FIN_02,2447,Approved,None,130000,95000,35000
CONV_50542,CLK_110825,2026-09-06 21:28:27,PUB_024,OFF_FIN_07,1060,Rejected,Duplicate Phone,0,0,0
CONV_50591,CLK_111897,2026-09-06 22:29:41,PUB_077,OFF_FIN_03,2,Rejected,Fake / Bot Traffic,0,0,0
CONV_50378,CLK_107601,2026-09-06 22:30:20,PUB_034,OFF_CPS_01,259,Approved,None,75000,50000,25000
CONV_50072,CLK_101657,2026-09-07 01:03:48,PUB_012,OFF_CPO_03,732,Approved,None,330000,240000,90000
CONV_50358,CLK_107253,2026-09-07 05:25:48,PUB_067,OFF_CPO_05,2680,Pending,Under Review,0,0,0
CONV_50140,CLK_102994,2026-09-07 07:30:35,PUB_082,OFF_FIN_01,1161,Approved,None,420000,310000,110000
CONV_50418,CLK_108477,2026-09-07 09:17:09,PUB_005,OFF_FIN_05,509,Approved,None,110000,80000,30000
CONV_50212,CLK_104469,2026-09-07 10:52:51,PUB_077,OFF_FIN_02,3,Rejected,Duplicate Phone,0,0,0
CONV_50466,CLK_109401,2026-09-07 12:16:21,PUB_077,OFF_CPO_02,4,Rejected,Fake / Bot Traffic,0,0,0
CONV_50047,CLK_100923,2026-09-07 13:43:42,PUB_055,OFF_CPO_04,1920,Approved,None,350000,250000,100000
CONV_50947,CLK_118786,2026-09-07 14:29:38,PUB_077,OFF_CPS_01,4,Rejected,Fake / Bot Traffic,0,0,0
CONV_50163,CLK_103507,2026-09-07 15:00:26,PUB_042,OFF_CPO_01,4,Rejected,Invalid eKYC / OCR Failed,0,0,0
CONV_50617,CLK_112349,2026-09-07 15:28:44,PUB_065,OFF_CPI_01,1979,Approved,None,45000,30000,15000
CONV_51048,CLK_120573,2026-09-07 16:04:07,PUB_005,OFF_CPS_01,1094,Approved,None,75000,50000,25000
CONV_50552,CLK_111035,2026-09-07 16:18:06,PUB_005,OFF_FIN_01,1128,Rejected,Duplicate Phone,0,0,0
CONV_50017,CLK_100350,2026-09-07 17:19:13,PUB_051,OFF_CPO_03,1175,Approved,None,330000,240000,90000
CONV_50293,CLK_105915,2026-09-07 18:36:38,PUB_081,OFF_FIN_06,115,Pending,Under Review,0,0,0
CONV_50917,CLK_117952,2026-09-07 19:55:38,PUB_077,OFF_FIN_01,1,Rejected,Invalid eKYC / OCR Failed,0,0,0
CONV_50897,CLK_117574,2026-09-07 20:42:42,PUB_019,OFF_CPO_03,1698,Approved,None,330000,240000,90000
CONV_50269,CLK_105537,2026-09-07 23:27:17,PUB_030,OFF_FIN_05,2639,Approved,None,110000,80000,30000
CONV_50572,CLK_111597,2026-09-08 05:54:24,PUB_012,OFF_CPS_01,1961,Approved,None,75000,50000,25000
CONV_51022,CLK_120162,2026-09-08 10:46:56,PUB_005,OFF_CPO_01,1437,Approved,None,310000,220000,90000
CONV_50129,CLK_102766,2026-09-08 11:53:08,PUB_012,OFF_FIN_02,2199,Rejected,Duplicate Phone,0,0,0
CONV_50286,CLK_105819,2026-09-08 12:12:42,PUB_036,OFF_FIN_03,1500,Approved,None,145000,105000,40000
CONV_50193,CLK_103943,2026-09-08 12:33:16,PUB_018,OFF_CPS_02,551,Approved,None,90000,65000,25000
CONV_50880,CLK_117347,2026-09-08 14:10:28,PUB_024,OFF_FIN_06,281,Pending,Under Review,0,0,0
CONV_50159,CLK_103448,2026-09-08 15:09:58,PUB_042,OFF_FIN_07,1,Fraud,Duplicate Phone,0,0,0
CONV_50992,CLK_119741,2026-09-08 15:49:40,PUB_085,OFF_CPO_03,935,Rejected,Customer Cancelled,0,0,0
CONV_50700,CLK_113985,2026-09-08 17:01:17,PUB_028,OFF_FIN_04,2490,Rejected,Duplicate Phone,0,0,0
CONV_50386,CLK_107799,2026-09-08 18:24:34,PUB_077,OFF_FIN_06,1,Rejected,Duplicate Phone,0,0,0
CONV_50609,CLK_112184,2026-09-08 19:00:38,PUB_025,OFF_FIN_03,2326,Approved,None,145000,105000,40000
CONV_50174,CLK_103661,2026-09-08 21:01:35,PUB_077,OFF_FIN_01,4,Rejected,Invalid eKYC / OCR Failed,0,0,0
CONV_50279,CLK_105725,2026-09-08 21:20:53,PUB_077,OFF_FIN_04,4,Rejected,Duplicate Phone,0,0,0
CONV_50628,CLK_112560,2026-09-08 22:50:22,PUB_005,OFF_FIN_06,1892,Pending,Under Review,0,0,0
CONV_50804,CLK_116018,2026-09-09 01:47:17,PUB_063,OFF_FIN_01,960,Approved,None,420000,310000,110000
CONV_50823,CLK_116349,2026-09-09 03:07:01,PUB_077,OFF_CPS_02,2,Fraud,Invalid eKYC / OCR Failed,0,0,0
CONV_50842,CLK_116691,2026-09-09 03:40:16,PUB_012,OFF_FIN_01,552,Pending,Under Review,0,0,0
CONV_50394,CLK_107986,2026-09-09 04:09:39,PUB_042,OFF_CPO_04,4,Fraud,Invalid eKYC / OCR Failed,0,0,0
CONV_50985,CLK_119622,2026-09-09 05:22:34,PUB_077,OFF_FIN_06,4,Rejected,Invalid eKYC / OCR Failed,0,0,0
CONV_50091,CLK_101945,2026-09-09 06:31:27,PUB_012,OFF_CPS_01,2310,Approved,None,75000,50000,25000
CONV_50053,CLK_101081,2026-09-09 09:18:26,PUB_075,OFF_FIN_04,1765,Pending,Under Review,0,0,0
CONV_50333,CLK_106878,2026-09-09 09:31:58,PUB_044,OFF_CPO_05,738,Approved,None,260000,180000,80000
CONV_50988,CLK_119686,2026-09-09 10:47:30,PUB_073,OFF_FIN_05,583,Approved,None,110000,80000,30000
CONV_50495,CLK_109939,2026-09-09 12:43:56,PUB_018,OFF_FIN_03,641,Approved,None,145000,105000,40000
CONV_50252,CLK_105165,2026-09-09 16:23:15,PUB_052,OFF_CPI_01,1829,Approved,None,45000,30000,15000
CONV_50582,CLK_111733,2026-09-09 16:45:04,PUB_024,OFF_CPO_05,2550,Approved,None,260000,180000,80000
CONV_50294,CLK_105917,2026-09-09 17:36:30,PUB_035,OFF_FIN_07,661,Rejected,Customer Cancelled,0,0,0
CONV_50077,CLK_101772,2026-09-09 18:07:17,PUB_042,OFF_FIN_08,1,Fraud,Invalid eKYC / OCR Failed,0,0,0
CONV_50762,CLK_115200,2026-09-09 18:44:54,PUB_024,OFF_FIN_05,1118,Approved,None,110000,80000,30000
CONV_50254,CLK_105195,2026-09-09 20:13:20,PUB_016,OFF_FIN_01,2468,Approved,None,420000,310000,110000
CONV_50951,CLK_118849,2026-09-09 20:20:05,PUB_097,OFF_FIN_01,2267,Rejected,Customer Cancelled,0,0,0
CONV_50567,CLK_111390,2026-09-09 21:57:23,PUB_018,OFF_FIN_04,334,Rejected,Customer Cancelled,0,0,0
CONV_50510,CLK_110141,2026-09-09 22:16:49,PUB_073,OFF_CPO_05,819,Pending,Under Review,0,0,0
CONV_50432,CLK_108839,2026-09-09 23:04:34,PUB_091,OFF_CPO_04,3,Rejected,Fake / Bot Traffic,0,0,0
CONV_50122,CLK_102680,2026-09-10 00:04:46,PUB_012,OFF_CPO_04,1040,Approved,None,350000,250000,100000
CONV_50414,CLK_108392,2026-09-10 03:56:36,PUB_021,OFF_CPO_04,837,Approved,None,350000,250000,100000
CONV_50881,CLK_117362,2026-09-10 04:34:58,PUB_059,OFF_FIN_06,1241,Pending,Under Review,0,0,0
CONV_50457,CLK_109269,2026-09-10 05:54:43,PUB_042,OFF_FIN_05,3,Rejected,Fake / Bot Traffic,0,0,0
CONV_50058,CLK_101187,2026-09-10 06:23:46,PUB_039,OFF_CPO_02,132,Approved,None,280000,195000,85000
CONV_50248,CLK_105107,2026-09-10 07:17:51,PUB_035,OFF_FIN_07,1490,Rejected,Bad Debt History (CIC),0,0,0
CONV_50817,CLK_116236,2026-09-10 08:19:10,PUB_018,OFF_FIN_05,415,Approved,None,110000,80000,30000
CONV_50810,CLK_116165,2026-09-10 10:33:36,PUB_064,OFF_CPS_02,2083,Approved,None,90000,65000,25000
CONV_51067,CLK_121002,2026-09-10 11:12:28,PUB_091,OFF_CPO_02,2,Rejected,Invalid eKYC / OCR Failed,0,0,0
CONV_50400,CLK_108100,2026-09-10 12:44:35,PUB_077,OFF_CPO_04,2,Fraud,Invalid eKYC / OCR Failed,0,0,0
CONV_50771,CLK_115414,2026-09-10 15:55:05,PUB_076,OFF_FIN_05,1103,Rejected,Bad Debt History (CIC),0,0,0
CONV_50969,CLK_119207,2026-09-10 16:50:22,PUB_059,OFF_FIN_07,2635,Pending,Under Review,0,0,0
CONV_51104,CLK_121775,2026-09-10 18:34:02,PUB_018,OFF_CPO_01,1555,Approved,None,310000,220000,90000
CONV_50062,CLK_101276,2026-09-10 18:53:29,PUB_027,OFF_CPO_05,323,Approved,None,260000,180000,80000
CONV_50964,CLK_119073,2026-09-10 20:49:15,PUB_026,OFF_CPO_05,1216,Approved,None,260000,180000,80000
CONV_50150,CLK_103127,2026-09-10 22:48:48,PUB_005,OFF_FIN_03,568,Approved,None,145000,105000,40000
CONV_50369,CLK_107459,2026-09-11 00:13:01,PUB_042,OFF_FIN_08,2,Rejected,Fake / Bot Traffic,0,0,0
CONV_50929,CLK_118292,2026-09-11 00:45:21,PUB_042,OFF_FIN_04,4,Rejected,Invalid eKYC / OCR Failed,0,0,0
CONV_50173,CLK_103660,2026-09-11 04:11:57,PUB_077,OFF_FIN_05,2,Rejected,Invalid eKYC / OCR Failed,0,0,0
CONV_50966,CLK_119101,2026-09-11 05:40:25,PUB_012,OFF_CPO_05,2543,Pending,Under Review,0,0,0
CONV_50577,CLK_111661,2026-09-11 09:20:11,PUB_002,OFF_FIN_01,749,Rejected,Customer Cancelled,0,0,0
CONV_50313,CLK_106380,2026-09-11 09:26:39,PUB_091,OFF_CPO_05,3,Rejected,Invalid eKYC / OCR Failed,0,0,0
CONV_50868,CLK_117147,2026-09-11 15:05:42,PUB_005,OFF_FIN_03,1593,Approved,None,145000,105000,40000
CONV_50790,CLK_115754,2026-09-11 18:52:23,PUB_035,OFF_CPO_02,2360,Rejected,Bad Debt History (CIC),0,0,0
CONV_50595,CLK_111979,2026-09-11 18:53:57,PUB_080,OFF_CPI_01,2269,Approved,None,45000,30000,15000
CONV_50473,CLK_109472,2026-09-11 20:48:25,PUB_091,OFF_CPO_02,2,Rejected,Duplicate Phone,0,0,0
CONV_50161,CLK_103494,2026-09-12 00:28:34,PUB_093,OFF_CPO_04,1810,Pending,Under Review,0,0,0
CONV_50176,CLK_103726,2026-09-12 00:58:58,PUB_042,OFF_CPO_04,1,Rejected,Invalid eKYC / OCR Failed,0,0,0
CONV_50915,CLK_117946,2026-09-12 01:16:17,PUB_042,OFF_FIN_04,2,Rejected,Invalid eKYC / OCR Failed,0,0,0
CONV_50242,CLK_104950,2026-09-12 01:22:11,PUB_012,OFF_FIN_04,163,Pending,Under Review,0,0,0
CONV_51097,CLK_121675,2026-09-12 01:52:36,PUB_035,OFF_FIN_05,1337,Approved,None,110000,80000,30000
CONV_51075,CLK_121129,2026-09-12 02:07:11,PUB_005,OFF_CPO_05,1407,Approved,None,260000,180000,80000
CONV_50450,CLK_109164,2026-09-12 02:51:51,PUB_017,OFF_FIN_08,553,Rejected,Bad Debt History (CIC),0,0,0
CONV_51112,CLK_121851,2026-09-12 03:40:57,PUB_024,OFF_CPO_02,1438,Approved,None,280000,195000,85000
CONV_50559,CLK_111228,2026-09-12 04:14:46,PUB_012,OFF_CPO_01,655,Rejected,Invalid Lead Form,0,0,0
CONV_50900,CLK_117666,2026-09-12 04:38:14,PUB_018,OFF_CPS_01,1025,Approved,None,75000,50000,25000
CONV_50931,CLK_118400,2026-09-12 05:33:01,PUB_006,OFF_CPO_05,82,Approved,None,260000,180000,80000
CONV_50803,CLK_116014,2026-09-12 07:00:35,PUB_024,OFF_CPI_01,45,Approved,None,45000,30000,15000
CONV_50409,CLK_108320,2026-09-12 07:28:04,PUB_046,OFF_FIN_06,1098,Rejected,Invalid Lead Form,0,0,0
CONV_50780,CLK_115562,2026-09-12 10:15:33,PUB_042,OFF_FIN_05,4,Rejected,Duplicate Phone,0,0,0
CONV_50311,CLK_106316,2026-09-12 10:24:51,PUB_086,OFF_CPI_01,1332,Approved,None,45000,30000,15000
CONV_51017,CLK_120117,2026-09-12 11:05:54,PUB_089,OFF_FIN_02,1530,Approved,None,130000,95000,35000
CONV_50867,CLK_117105,2026-09-12 12:40:50,PUB_005,OFF_FIN_05,2692,Approved,None,110000,80000,30000
CONV_51089,CLK_121463,2026-09-12 13:10:19,PUB_024,OFF_FIN_06,1114,Rejected,Bad Debt History (CIC),0,0,0
CONV_50731,CLK_114601,2026-09-12 15:03:58,PUB_024,OFF_CPS_01,226,Pending,Under Review,0,0,0
CONV_50747,CLK_114975,2026-09-12 17:07:02,PUB_005,OFF_FIN_03,836,Approved,None,145000,105000,40000
CONV_51120,CLK_121946,2026-09-12 20:18:01,PUB_052,OFF_FIN_03,567,Approved,None,145000,105000,40000
CONV_50237,CLK_104852,2026-09-12 21:47:46,PUB_005,OFF_CPO_03,185,Approved,None,330000,240000,90000
CONV_51118,CLK_121892,2026-09-12 22:15:19,PUB_090,OFF_CPS_01,2465,Approved,None,75000,50000,25000
CONV_50918,CLK_117971,2026-09-12 22:31:34,PUB_034,OFF_FIN_07,55,Pending,Under Review,0,0,0
CONV_50994,CLK_119774,2026-09-13 00:22:35,PUB_001,OFF_CPS_02,292,Approved,None,90000,65000,25000
CONV_51122,CLK_121983,2026-09-13 03:28:41,PUB_077,OFF_FIN_03,1,Rejected,Fake / Bot Traffic,0,0,0
CONV_50949,CLK_118817,2026-09-13 03:55:23,PUB_064,OFF_CPO_05,632,Pending,Under Review,0,0,0
CONV_50944,CLK_118688,2026-09-13 09:44:00,PUB_078,OFF_CPO_04,582,Approved,None,350000,250000,100000
CONV_50362,CLK_107308,2026-09-13 09:58:44,PUB_024,OFF_FIN_01,2625,Approved,None,420000,310000,110000
CONV_50565,CLK_111343,2026-09-13 10:17:29,PUB_006,OFF_CPI_01,2570,Approved,None,45000,30000,15000
CONV_50581,CLK_111730,2026-09-13 12:04:39,PUB_018,OFF_CPS_02,1873,Approved,None,90000,65000,25000
CONV_50250,CLK_105131,2026-09-13 12:15:54,PUB_055,OFF_CPO_01,642,Approved,None,310000,220000,90000
CONV_50689,CLK_113771,2026-09-13 14:56:50,PUB_077,OFF_FIN_08,3,Fraud,Duplicate Phone,0,0,0
CONV_50029,CLK_100559,2026-09-13 15:52:25,PUB_010,OFF_FIN_05,2638,Approved,None,110000,80000,30000
CONV_50795,CLK_115810,2026-09-13 17:06:53,PUB_012,OFF_FIN_04,763,Rejected,Invalid Lead Form,0,0,0
CONV_50490,CLK_109818,2026-09-13 19:08:24,PUB_005,OFF_FIN_06,502,Approved,None,290000,210000,80000
CONV_50179,CLK_103810,2026-09-13 19:33:27,PUB_035,OFF_CPO_03,2501,Approved,None,330000,240000,90000
CONV_50914,CLK_117937,2026-09-13 19:46:48,PUB_099,OFF_CPO_03,1929,Rejected,Bad Debt History (CIC),0,0,0
CONV_50321,CLK_106659,2026-09-13 21:06:45,PUB_014,OFF_CPI_01,243,Pending,Under Review,0,0,0
CONV_50896,CLK_117549,2026-09-14 02:07:51,PUB_035,OFF_CPI_01,1480,Approved,None,45000,30000,15000
CONV_51115,CLK_121884,2026-09-14 02:57:21,PUB_042,OFF_CPO_01,4,Fraud,Duplicate Phone,0,0,0
CONV_50560,CLK_111251,2026-09-14 04:36:08,PUB_032,OFF_CPO_05,2181,Approved,None,260000,180000,80000
CONV_50277,CLK_105701,2026-09-14 05:25:52,PUB_091,OFF_CPO_05,1,Rejected,Fake / Bot Traffic,0,0,0
CONV_50667,CLK_113424,2026-09-14 06:14:15,PUB_065,OFF_FIN_07,2161,Approved,None,320000,230000,90000
CONV_50962,CLK_119039,2026-09-14 07:58:22,PUB_005,OFF_FIN_05,1501,Approved,None,110000,80000,30000
CONV_50419,CLK_108490,2026-09-14 09:36:35,PUB_038,OFF_FIN_02,2273,Approved,None,130000,95000,35000
CONV_50557,CLK_111212,2026-09-14 10:05:20,PUB_042,OFF_CPO_02,1,Rejected,Duplicate Phone,0,0,0
CONV_51013,CLK_120046,2026-09-14 11:26:30,PUB_066,OFF_CPO_03,2469,Rejected,Invalid Lead Form,0,0,0
CONV_50425,CLK_108596,2026-09-14 11:45:14,PUB_024,OFF_FIN_04,1775,Approved,None,480000,350000,130000
CONV_50697,CLK_113954,2026-09-14 12:18:02,PUB_024,OFF_FIN_03,929,Pending,Under Review,0,0,0
CONV_50147,CLK_103091,2026-09-14 13:37:57,PUB_081,OFF_CPO_02,1448,Rejected,Bad Debt History (CIC),0,0,0
CONV_50815,CLK_116220,2026-09-14 16:24:44,PUB_042,OFF_FIN_01,1,Rejected,Duplicate Phone,0,0,0
CONV_50290,CLK_105876,2026-09-14 16:32:10,PUB_077,OFF_FIN_01,4,Fraud,Duplicate Phone,0,0,0
CONV_50460,CLK_109291,2026-09-14 18:03:26,PUB_090,OFF_CPO_02,1021,Pending,Under Review,0,0,0
CONV_50340,CLK_106978,2026-09-14 19:08:21,PUB_044,OFF_CPO_03,187,Approved,None,330000,240000,90000
CONV_50975,CLK_119370,2026-09-14 22:52:17,PUB_012,OFF_CPI_01,45,Approved,None,45000,30000,15000
CONV_50521,CLK_110418,2026-09-14 23:10:10,PUB_094,OFF_CPO_05,2094,Approved,None,260000,180000,80000
CONV_50942,CLK_118653,2026-09-15 00:02:20,PUB_091,OFF_CPS_01,1,Rejected,Duplicate Phone,0,0,0
CONV_50673,CLK_113524,2026-09-15 02:39:27,PUB_005,OFF_FIN_03,221,Approved,None,145000,105000,40000
CONV_50839,CLK_116660,2026-09-15 02:47:05,PUB_008,OFF_CPO_05,1135,Pending,Under Review,0,0,0
CONV_50507,CLK_110076,2026-09-15 03:26:23,PUB_070,OFF_CPI_01,2423,Approved,None,45000,30000,15000
CONV_50624,CLK_112514,2026-09-15 04:01:25,PUB_012,OFF_CPO_04,331,Approved,None,350000,250000,100000
CONV_50685,CLK_113720,2026-09-15 06:15:14,PUB_052,OFF_CPS_02,1562,Rejected,Invalid Lead Form,0,0,0
CONV_50218,CLK_104542,2026-09-15 07:28:10,PUB_077,OFF_FIN_08,3,Fraud,Fake / Bot Traffic,0,0,0
CONV_50492,CLK_109839,2026-09-15 09:34:32,PUB_088,OFF_FIN_02,1905,Approved,None,130000,95000,35000
CONV_50605,CLK_112164,2026-09-15 11:58:17,PUB_011,OFF_FIN_02,2675,Approved,None,130000,95000,35000
CONV_50249,CLK_105120,2026-09-15 15:26:52,PUB_009,OFF_CPO_01,1890,Approved,None,310000,220000,90000
CONV_50158,CLK_103441,2026-09-15 17:31:37,PUB_091,OFF_FIN_01,1,Rejected,Duplicate Phone,0,0,0
CONV_50445,CLK_109035,2026-09-15 21:09:15,PUB_008,OFF_CPO_02,781,Approved,None,280000,195000,85000
CONV_50950,CLK_118838,2026-09-15 22:06:13,PUB_035,OFF_FIN_04,2396,Approved,None,480000,350000,130000
CONV_50718,CLK_114343,2026-09-15 23:49:35,PUB_015,OFF_CPO_05,2458,Approved,None,260000,180000,80000
CONV_50470,CLK_109464,2026-09-16 00:17:36,PUB_042,OFF_FIN_01,1,Rejected,Invalid eKYC / OCR Failed,0,0,0
CONV_50841,CLK_116683,2026-09-16 00:46:24,PUB_091,OFF_CPO_01,2,Rejected,Duplicate Phone,0,0,0
CONV_50639,CLK_112812,2026-09-16 01:39:39,PUB_018,OFF_CPS_01,1154,Approved,None,75000,50000,25000
CONV_50948,CLK_118794,2026-09-16 01:43:41,PUB_035,OFF_CPS_01,1819,Approved,None,75000,50000,25000
CONV_50023,CLK_100413,2026-09-16 01:54:32,PUB_035,OFF_CPO_01,1748,Approved,None,310000,220000,90000
CONV_50604,CLK_112160,2026-09-16 04:17:55,PUB_077,OFF_CPO_04,1,Fraud,Fake / Bot Traffic,0,0,0
CONV_50151,CLK_103258,2026-09-16 05:48:00,PUB_004,OFF_FIN_08,640,Approved,None,400000,290000,110000
CONV_50544,CLK_110860,2026-09-16 06:52:37,PUB_016,OFF_CPS_02,1844,Approved,None,90000,65000,25000
CONV_51103,CLK_121762,2026-09-16 07:00:49,PUB_045,OFF_CPO_05,1343,Rejected,Invalid Lead Form,0,0,0
CONV_50955,CLK_118890,2026-09-16 07:12:06,PUB_024,OFF_CPS_02,1909,Approved,None,90000,65000,25000
CONV_50220,CLK_104571,2026-09-16 07:37:03,PUB_061,OFF_CPO_05,2674,Approved,None,260000,180000,80000
CONV_50799,CLK_115924,2026-09-16 09:22:40,PUB_005,OFF_CPO_05,2459,Approved,None,260000,180000,80000
CONV_50183,CLK_103856,2026-09-16 09:26:52,PUB_054,OFF_FIN_04,2697,Pending,Under Review,0,0,0
CONV_51074,CLK_121086,2026-09-16 11:24:02,PUB_080,OFF_FIN_05,634,Approved,None,110000,80000,30000
CONV_50602,CLK_112135,2026-09-16 12:34:31,PUB_018,OFF_FIN_02,1278,Rejected,Invalid Lead Form,0,0,0
CONV_50416,CLK_108427,2026-09-16 13:14:06,PUB_034,OFF_CPO_05,796,Rejected,Duplicate Phone,0,0,0
CONV_51027,CLK_120197,2026-09-16 15:49:44,PUB_071,OFF_CPO_05,1290,Approved,None,260000,180000,80000
CONV_50729,CLK_114523,2026-09-16 18:14:20,PUB_056,OFF_CPS_02,2601,Approved,None,90000,65000,25000
CONV_51090,CLK_121468,2026-09-16 18:38:00,PUB_077,OFF_CPO_05,1,Fraud,Fake / Bot Traffic,0,0,0
CONV_50960,CLK_119029,2026-09-16 18:46:04,PUB_035,OFF_FIN_05,1712,Rejected,Bad Debt History (CIC),0,0,0
CONV_51051,CLK_120634,2026-09-16 19:34:06,PUB_089,OFF_FIN_04,1343,Pending,Under Review,0,0,0
CONV_50764,CLK_115254,2026-09-16 23:10:53,PUB_031,OFF_CPO_03,2198,Approved,None,330000,240000,90000
CONV_50092,CLK_102024,2026-09-16 23:34:56,PUB_018,OFF_CPO_01,608,Approved,None,310000,220000,90000
CONV_50720,CLK_114391,2026-09-16 23:51:31,PUB_041,OFF_CPO_01,1623,Approved,None,310000,220000,90000
CONV_50256,CLK_105266,2026-09-17 00:10:51,PUB_091,OFF_CPO_03,1,Rejected,Duplicate Phone,0,0,0
CONV_50042,CLK_100805,2026-09-17 03:12:39,PUB_018,OFF_CPS_02,677,Approved,None,90000,65000,25000
CONV_50469,CLK_109461,2026-09-17 03:24:56,PUB_091,OFF_CPO_05,2,Rejected,Fake / Bot Traffic,0,0,0
CONV_50863,CLK_117078,2026-09-17 03:55:52,PUB_005,OFF_CPO_05,2639,Rejected,Invalid Lead Form,0,0,0
CONV_50246,CLK_105069,2026-09-17 04:40:16,PUB_015,OFF_CPO_03,107,Approved,None,330000,240000,90000
CONV_50021,CLK_100404,2026-09-17 08:27:49,PUB_012,OFF_FIN_03,1145,Approved,None,145000,105000,40000
CONV_50476,CLK_109510,2026-09-17 11:49:33,PUB_005,OFF_CPO_03,977,Approved,None,330000,240000,90000
CONV_51055,CLK_120721,2026-09-17 12:53:32,PUB_077,OFF_FIN_02,4,Rejected,Duplicate Phone,0,0,0
CONV_51053,CLK_120698,2026-09-17 12:59:15,PUB_003,OFF_CPO_05,184,Approved,None,260000,180000,80000
CONV_50231,CLK_104733,2026-09-17 16:42:01,PUB_057,OFF_CPO_04,2378,Rejected,Invalid Lead Form,0,0,0
CONV_50197,CLK_103974,2026-09-17 17:35:00,PUB_027,OFF_CPS_01,2032,Approved,None,75000,50000,25000
CONV_50500,CLK_109979,2026-09-17 19:22:15,PUB_082,OFF_CPO_02,1468,Approved,None,280000,195000,85000
CONV_50348,CLK_107070,2026-09-17 19:24:10,PUB_035,OFF_CPO_01,2187,Pending,Under Review,0,0,0
CONV_51036,CLK_120375,2026-09-17 21:00:31,PUB_039,OFF_CPO_04,1060,Approved,None,350000,250000,100000
CONV_50374,CLK_107501,2026-09-17 21:07:52,PUB_054,OFF_CPO_03,1494,Approved,None,330000,240000,90000
CONV_50987,CLK_119679,2026-09-17 21:37:24,PUB_005,OFF_FIN_03,2511,Approved,None,145000,105000,40000
CONV_50708,CLK_114136,2026-09-17 21:45:35,PUB_050,OFF_CPI_01,2699,Approved,None,45000,30000,15000
CONV_51105,CLK_121790,2026-09-17 22:20:14,PUB_035,OFF_CPO_05,1327,Approved,None,260000,180000,80000
CONV_50832,CLK_116545,2026-09-17 23:30:11,PUB_055,OFF_CPO_04,1097,Rejected,Customer Cancelled,0,0,0
CONV_50968,CLK_119162,2026-09-18 03:31:43,PUB_024,OFF_FIN_06,2642,Rejected,Customer Cancelled,0,0,0
CONV_50758,CLK_115128,2026-09-18 06:30:01,PUB_077,OFF_FIN_05,3,Rejected,Fake / Bot Traffic,0,0,0
CONV_50351,CLK_107113,2026-09-18 07:18:59,PUB_071,OFF_CPO_01,240,Approved,None,310000,220000,90000
CONV_50050,CLK_100962,2026-09-18 07:21:37,PUB_077,OFF_CPO_04,4,Rejected,Invalid eKYC / OCR Failed,0,0,0
CONV_50139,CLK_102981,2026-09-18 08:02:29,PUB_012,OFF_CPO_04,956,Approved,None,350000,250000,100000
CONV_50548,CLK_110912,2026-09-18 08:34:51,PUB_035,OFF_CPO_02,612,Approved,None,280000,195000,85000
CONV_50024,CLK_100429,2026-09-18 09:57:10,PUB_064,OFF_FIN_03,1677,Approved,None,145000,105000,40000
CONV_51111,CLK_121842,2026-09-18 11:57:38,PUB_077,OFF_CPS_02,4,Rejected,Invalid eKYC / OCR Failed,0,0,0
CONV_50155,CLK_103363,2026-09-18 12:01:02,PUB_007,OFF_FIN_07,1915,Approved,None,320000,230000,90000
CONV_50038,CLK_100744,2026-09-18 12:21:14,PUB_005,OFF_CPO_05,2262,Pending,Under Review,0,0,0
CONV_50884,CLK_117400,2026-09-18 14:10:53,PUB_018,OFF_CPS_02,767,Rejected,Bad Debt History (CIC),0,0,0
CONV_50474,CLK_109485,2026-09-18 14:30:50,PUB_047,OFF_FIN_01,662,Approved,None,420000,310000,110000
CONV_51099,CLK_121701,2026-09-18 14:59:28,PUB_035,OFF_CPO_04,1393,Approved,None,350000,250000,100000
CONV_50009,CLK_100149,2026-09-18 17:52:50,PUB_005,OFF_CPO_05,430,Pending,Under Review,0,0,0
CONV_51030,CLK_120272,2026-09-18 18:19:16,PUB_042,OFF_FIN_03,2,Fraud,Duplicate Phone,0,0,0
CONV_50346,CLK_107043,2026-09-18 19:41:50,PUB_024,OFF_FIN_03,349,Pending,Under Review,0,0,0
CONV_50801,CLK_115975,2026-09-18 22:47:00,PUB_042,OFF_FIN_05,2,Fraud,Invalid eKYC / OCR Failed,0,0,0
CONV_51029,CLK_120247,2026-09-18 23:53:52,PUB_047,OFF_CPO_05,1326,Rejected,Customer Cancelled,0,0,0
CONV_50240,CLK_104892,2026-09-19 00:15:52,PUB_058,OFF_CPS_01,1378,Approved,None,75000,50000,25000
CONV_50541,CLK_110816,2026-09-19 03:28:56,PUB_003,OFF_CPO_04,1476,Approved,None,350000,250000,100000
CONV_50265,CLK_105439,2026-09-19 04:06:08,PUB_035,OFF_CPS_01,1986,Approved,None,75000,50000,25000
CONV_50838,CLK_116646,2026-09-19 07:57:55,PUB_077,OFF_CPO_04,3,Fraud,Fake / Bot Traffic,0,0,0
CONV_50869,CLK_117155,2026-09-19 08:44:40,PUB_005,OFF_CPS_02,2127,Approved,None,90000,65000,25000
CONV_50105,CLK_102363,2026-09-19 09:15:37,PUB_035,OFF_CPI_01,705,Approved,None,45000,30000,15000
CONV_50325,CLK_106696,2026-09-19 09:59:25,PUB_091,OFF_CPO_02,3,Rejected,Duplicate Phone,0,0,0
CONV_50234,CLK_104797,2026-09-19 10:52:07,PUB_012,OFF_CPO_05,288,Approved,None,260000,180000,80000
CONV_50890,CLK_117456,2026-09-19 14:01:21,PUB_042,OFF_FIN_05,4,Rejected,Fake / Bot Traffic,0,0,0
CONV_50223,CLK_104654,2026-09-19 15:26:55,PUB_005,OFF_CPO_01,1315,Approved,None,310000,220000,90000
CONV_50714,CLK_114264,2026-09-19 19:55:57,PUB_012,OFF_FIN_07,1748,Pending,Under Review,0,0,0
CONV_50488,CLK_109792,2026-09-20 00:23:32,PUB_063,OFF_CPO_05,2163,Approved,None,260000,180000,80000
CONV_50806,CLK_116073,2026-09-20 04:28:01,PUB_077,OFF_FIN_07,4,Rejected,Fake / Bot Traffic,0,0,0
CONV_51010,CLK_120038,2026-09-20 04:50:12,PUB_005,OFF_FIN_05,1979,Rejected,Invalid Lead Form,0,0,0
CONV_50363,CLK_107321,2026-09-20 05:11:52,PUB_024,OFF_FIN_03,1647,Approved,None,145000,105000,40000
CONV_50725,CLK_114447,2026-09-20 05:34:35,PUB_024,OFF_CPO_05,711,Rejected,Invalid Lead Form,0,0,0
CONV_50433,CLK_108842,2026-09-20 07:00:59,PUB_012,OFF_FIN_04,2269,Pending,Under Review,0,0,0
CONV_50744,CLK_114869,2026-09-20 07:32:36,PUB_035,OFF_CPS_02,1628,Approved,None,90000,65000,25000
CONV_50534,CLK_110643,2026-09-20 09:16:24,PUB_035,OFF_CPS_01,1953,Approved,None,75000,50000,25000
CONV_50893,CLK_117522,2026-09-20 10:52:55,PUB_018,OFF_CPO_03,1026,Approved,None,330000,240000,90000
CONV_50216,CLK_104510,2026-09-20 12:10:23,PUB_005,OFF_CPO_02,1567,Approved,None,280000,195000,85000
CONV_50719,CLK_114377,2026-09-20 13:35:00,PUB_066,OFF_CPI_01,665,Approved,None,45000,30000,15000
CONV_50848,CLK_116727,2026-09-20 16:01:50,PUB_018,OFF_FIN_01,1555,Rejected,Duplicate Phone,0,0,0
CONV_50844,CLK_116709,2026-09-20 16:17:34,PUB_024,OFF_CPO_02,184,Approved,None,280000,195000,85000
CONV_50498,CLK_109957,2026-09-20 16:24:12,PUB_018,OFF_FIN_01,858,Approved,None,420000,310000,110000
CONV_50923,CLK_118091,2026-09-20 18:40:19,PUB_005,OFF_FIN_02,1714,Approved,None,130000,95000,35000
CONV_50427,CLK_108763,2026-09-20 18:51:10,PUB_018,OFF_CPO_03,132,Pending,Under Review,0,0,0
CONV_50846,CLK_116716,2026-09-20 18:54:29,PUB_012,OFF_CPO_01,1809,Pending,Under Review,0,0,0
CONV_50109,CLK_102453,2026-09-20 20:08:54,PUB_073,OFF_CPO_05,2188,Approved,None,260000,180000,80000
CONV_50814,CLK_116206,2026-09-20 20:19:04,PUB_024,OFF_CPI_01,45,Approved,None,45000,30000,15000
CONV_50643,CLK_112878,2026-09-20 23:14:44,PUB_024,OFF_FIN_03,924,Approved,None,145000,105000,40000
CONV_50520,CLK_110414,2026-09-21 01:30:06,PUB_012,OFF_FIN_07,1681,Rejected,Customer Cancelled,0,0,0
CONV_51016,CLK_120115,2026-09-21 02:18:43,PUB_099,OFF_FIN_02,924,Approved,None,130000,95000,35000
CONV_50704,CLK_114069,2026-09-21 03:39:04,PUB_005,OFF_FIN_06,2474,Approved,None,290000,210000,80000
CONV_50462,CLK_109377,2026-09-21 04:27:32,PUB_024,OFF_FIN_03,183,Approved,None,145000,105000,40000
CONV_50116,CLK_102554,2026-09-21 07:20:41,PUB_027,OFF_FIN_03,1684,Approved,None,145000,105000,40000
CONV_50322,CLK_106661,2026-09-21 07:31:17,PUB_071,OFF_CPO_01,394,Approved,None,310000,220000,90000
CONV_50585,CLK_111803,2026-09-21 08:31:49,PUB_035,OFF_CPO_01,2513,Approved,None,310000,220000,90000
CONV_50205,CLK_104110,2026-09-21 09:47:14,PUB_054,OFF_CPO_05,2500,Approved,None,260000,180000,80000
CONV_50226,CLK_104683,2026-09-21 10:13:58,PUB_031,OFF_FIN_04,529,Approved,None,480000,350000,130000
CONV_50364,CLK_107366,2026-09-21 10:20:49,PUB_067,OFF_FIN_05,2593,Approved,None,110000,80000,30000
CONV_50318,CLK_106593,2026-09-21 11:00:44,PUB_013,OFF_FIN_05,732,Approved,None,110000,80000,30000
CONV_50614,CLK_112304,2026-09-21 11:25:54,PUB_095,OFF_FIN_02,245,Approved,None,130000,95000,35000
CONV_50536,CLK_110709,2026-09-21 11:42:46,PUB_072,OFF_FIN_06,1576,Approved,None,290000,210000,80000
CONV_50444,CLK_109024,2026-09-21 12:20:31,PUB_035,OFF_FIN_06,580,Approved,None,290000,210000,80000
CONV_50107,CLK_102417,2026-09-21 13:02:03,PUB_003,OFF_FIN_04,487,Rejected,Duplicate Phone,0,0,0
CONV_50312,CLK_106349,2026-09-21 14:29:31,PUB_057,OFF_CPS_01,228,Approved,None,75000,50000,25000
CONV_50952,CLK_118858,2026-09-21 15:47:40,PUB_035,OFF_CPI_01,26,Approved,None,45000,30000,15000
CONV_50981,CLK_119498,2026-09-21 15:47:46,PUB_039,OFF_FIN_01,2516,Approved,None,420000,310000,110000
CONV_50149,CLK_103124,2026-09-21 16:12:17,PUB_084,OFF_FIN_06,1900,Approved,None,290000,210000,80000
CONV_50048,CLK_100929,2026-09-21 18:20:11,PUB_029,OFF_FIN_01,1774,Rejected,Invalid Lead Form,0,0,0
CONV_50607,CLK_112174,2026-09-21 19:40:15,PUB_091,OFF_FIN_06,1,Rejected,Fake / Bot Traffic,0,0,0
CONV_50826,CLK_116459,2026-09-21 21:52:57,PUB_035,OFF_FIN_08,2639,Pending,Under Review,0,0,0
CONV_50099,CLK_102097,2026-09-21 22:15:45,PUB_033,OFF_CPO_01,1810,Approved,None,310000,220000,90000
CONV_50535,CLK_110687,2026-09-21 22:39:35,PUB_053,OFF_CPS_02,43,Approved,None,90000,65000,25000
CONV_50693,CLK_113826,2026-09-21 23:10:02,PUB_012,OFF_FIN_04,1580,Approved,None,480000,350000,130000
CONV_50037,CLK_100699,2026-09-22 02:26:47,PUB_035,OFF_CPS_02,604,Approved,None,90000,65000,25000
CONV_51072,CLK_121039,2026-09-22 03:45:59,PUB_028,OFF_CPO_05,1298,Approved,None,260000,180000,80000
CONV_50385,CLK_107748,2026-09-22 08:30:17,PUB_018,OFF_FIN_03,1780,Approved,None,145000,105000,40000
CONV_50117,CLK_102613,2026-09-22 10:07:55,PUB_042,OFF_FIN_01,4,Fraud,Duplicate Phone,0,0,0
CONV_50611,CLK_112260,2026-09-22 13:09:31,PUB_091,OFF_CPI_01,2,Fraud,Invalid eKYC / OCR Failed,0,0,0
CONV_50233,CLK_104757,2026-09-22 15:19:46,PUB_035,OFF_CPI_01,1193,Approved,None,45000,30000,15000
CONV_50925,CLK_118116,2026-09-22 16:14:11,PUB_005,OFF_FIN_06,2239,Approved,None,290000,210000,80000
CONV_50834,CLK_116571,2026-09-22 18:48:40,PUB_005,OFF_CPO_01,702,Approved,None,310000,220000,90000
CONV_50508,CLK_110079,2026-09-22 18:53:05,PUB_010,OFF_CPO_04,70,Approved,None,350000,250000,100000
CONV_50337,CLK_106934,2026-09-22 19:30:18,PUB_084,OFF_FIN_01,1953,Approved,None,420000,310000,110000
CONV_51062,CLK_120835,2026-09-22 22:14:44,PUB_043,OFF_FIN_07,1510,Pending,Under Review,0,0,0
CONV_51014,CLK_120056,2026-09-22 22:42:18,PUB_065,OFF_FIN_03,1632,Approved,None,145000,105000,40000
CONV_50857,CLK_116988,2026-09-23 00:11:58,PUB_091,OFF_FIN_05,1,Rejected,Fake / Bot Traffic,0,0,0
CONV_50063,CLK_101366,2026-09-23 01:53:52,PUB_057,OFF_CPO_04,975,Approved,None,350000,250000,100000
CONV_50690,CLK_113795,2026-09-23 03:16:52,PUB_018,OFF_CPO_01,2448,Rejected,Customer Cancelled,0,0,0
CONV_50227,CLK_104684,2026-09-23 03:41:38,PUB_038,OFF_CPO_01,267,Pending,Under Review,0,0,0
CONV_50078,CLK_101773,2026-09-23 05:01:06,PUB_027,OFF_CPO_02,825,Approved,None,280000,195000,85000
CONV_50650,CLK_112990,2026-09-23 05:47:44,PUB_012,OFF_CPO_02,2263,Approved,None,280000,195000,85000
CONV_50933,CLK_118445,2026-09-23 05:52:01,PUB_099,OFF_FIN_08,2069,Approved,None,400000,290000,110000
CONV_50420,CLK_108492,2026-09-23 09:28:23,PUB_077,OFF_CPO_03,3,Fraud,Invalid eKYC / OCR Failed,0,0,0
CONV_50442,CLK_108960,2026-09-23 09:52:57,PUB_005,OFF_FIN_07,1333,Rejected,Customer Cancelled,0,0,0
CONV_50705,CLK_114076,2026-09-23 09:57:18,PUB_042,OFF_FIN_01,1,Rejected,Duplicate Phone,0,0,0
CONV_51039,CLK_120471,2026-09-23 11:51:25,PUB_042,OFF_CPO_05,4,Rejected,Invalid eKYC / OCR Failed,0,0,0
CONV_50448,CLK_109131,2026-09-23 15:31:08,PUB_012,OFF_CPO_02,1737,Approved,None,280000,195000,85000
CONV_50924,CLK_118114,2026-09-23 15:49:57,PUB_077,OFF_CPO_04,1,Fraud,Duplicate Phone,0,0,0
CONV_50059,CLK_101191,2026-09-23 16:22:59,PUB_057,OFF_CPO_01,72,Approved,None,310000,220000,90000
CONV_50647,CLK_112919,2026-09-23 16:49:17,PUB_012,OFF_FIN_02,2565,Approved,None,130000,95000,35000
CONV_50902,CLK_117764,2026-09-23 17:29:12,PUB_051,OFF_CPO_03,867,Approved,None,330000,240000,90000
CONV_50754,CLK_115108,2026-09-23 22:37:50,PUB_012,OFF_CPO_05,1856,Approved,None,260000,180000,80000
CONV_50875,CLK_117255,2026-09-23 23:40:48,PUB_018,OFF_CPO_05,2507,Approved,None,260000,180000,80000
CONV_50367,CLK_107398,2026-09-24 00:27:30,PUB_035,OFF_FIN_01,1384,Rejected,Customer Cancelled,0,0,0
CONV_50338,CLK_106954,2026-09-24 01:19:08,PUB_070,OFF_FIN_04,1138,Pending,Under Review,0,0,0
CONV_50282,CLK_105740,2026-09-24 01:46:05,PUB_035,OFF_FIN_07,1256,Pending,Under Review,0,0,0
CONV_50563,CLK_111336,2026-09-24 04:29:38,PUB_057,OFF_CPO_05,1994,Rejected,Bad Debt History (CIC),0,0,0
CONV_50935,CLK_118463,2026-09-24 05:56:41,PUB_007,OFF_FIN_08,2240,Approved,None,400000,290000,110000
CONV_50353,CLK_107139,2026-09-24 08:01:03,PUB_005,OFF_FIN_02,673,Approved,None,130000,95000,35000
CONV_50904,CLK_117770,2026-09-24 08:01:07,PUB_042,OFF_FIN_03,2,Rejected,Duplicate Phone,0,0,0
CONV_50573,CLK_111629,2026-09-24 12:29:37,PUB_077,OFF_FIN_02,4,Rejected,Invalid eKYC / OCR Failed,0,0,0
CONV_50266,CLK_105451,2026-09-24 13:06:29,PUB_012,OFF_FIN_08,835,Approved,None,400000,290000,110000
CONV_50076,CLK_101741,2026-09-24 13:08:50,PUB_060,OFF_FIN_03,1161,Approved,None,145000,105000,40000
CONV_50260,CLK_105358,2026-09-24 13:35:05,PUB_042,OFF_FIN_08,4,Fraud,Duplicate Phone,0,0,0
CONV_50612,CLK_112271,2026-09-24 13:43:42,PUB_005,OFF_CPO_02,934,Approved,None,280000,195000,85000
CONV_51021,CLK_120158,2026-09-24 16:01:55,PUB_018,OFF_CPI_01,1685,Approved,None,45000,30000,15000
CONV_50435,CLK_108853,2026-09-24 16:52:45,PUB_072,OFF_CPO_05,2246,Approved,None,260000,180000,80000
CONV_50954,CLK_118878,2026-09-24 17:27:12,PUB_035,OFF_FIN_01,2189,Approved,None,420000,310000,110000
CONV_50190,CLK_103915,2026-09-24 18:30:07,PUB_040,OFF_CPS_01,1679,Approved,None,75000,50000,25000
CONV_50899,CLK_117665,2026-09-24 19:04:37,PUB_035,OFF_CPO_05,1956,Approved,None,260000,180000,80000
CONV_50786,CLK_115612,2026-09-24 20:17:48,PUB_012,OFF_CPS_01,1592,Approved,None,75000,50000,25000
CONV_50550,CLK_110979,2026-09-24 22:18:50,PUB_018,OFF_CPI_01,712,Pending,Under Review,0,0,0
CONV_50236,CLK_104848,2026-09-25 00:21:14,PUB_024,OFF_FIN_07,2315,Approved,None,320000,230000,90000
CONV_50606,CLK_112173,2026-09-25 01:05:53,PUB_050,OFF_CPS_01,383,Approved,None,75000,50000,25000
CONV_50056,CLK_101121,2026-09-25 07:35:29,PUB_027,OFF_FIN_07,692,Pending,Under Review,0,0,0
CONV_50791,CLK_115768,2026-09-25 07:52:22,PUB_015,OFF_CPO_05,908,Approved,None,260000,180000,80000
CONV_50270,CLK_105557,2026-09-25 08:00:52,PUB_077,OFF_CPI_01,1,Fraud,Fake / Bot Traffic,0,0,0
CONV_50098,CLK_102086,2026-09-25 10:56:01,PUB_035,OFF_FIN_08,731,Approved,None,400000,290000,110000
CONV_50217,CLK_104538,2026-09-25 12:02:59,PUB_042,OFF_FIN_03,2,Rejected,Fake / Bot Traffic,0,0,0
CONV_50202,CLK_104081,2026-09-25 12:25:58,PUB_005,OFF_FIN_03,1418,Approved,None,145000,105000,40000
CONV_50052,CLK_101041,2026-09-25 14:53:19,PUB_029,OFF_FIN_04,278,Rejected,Duplicate Phone,0,0,0
CONV_50035,CLK_100672,2026-09-25 15:25:07,PUB_024,OFF_FIN_06,2010,Approved,None,290000,210000,80000
CONV_50599,CLK_112044,2026-09-25 16:06:49,PUB_042,OFF_CPO_02,1,Rejected,Fake / Bot Traffic,0,0,0
CONV_50580,CLK_111721,2026-09-25 16:31:28,PUB_035,OFF_FIN_07,1284,Approved,None,320000,230000,90000
CONV_51047,CLK_120569,2026-09-25 16:47:04,PUB_091,OFF_FIN_02,4,Rejected,Fake / Bot Traffic,0,0,0
CONV_50259,CLK_105352,2026-09-25 17:14:04,PUB_046,OFF_FIN_08,2401,Rejected,Duplicate Phone,0,0,0
CONV_50972,CLK_119316,2026-09-25 17:15:24,PUB_042,OFF_FIN_02,2,Rejected,Duplicate Phone,0,0,0
CONV_50513,CLK_110258,2026-09-25 21:02:24,PUB_091,OFF_CPS_01,1,Rejected,Fake / Bot Traffic,0,0,0
CONV_50562,CLK_111320,2026-09-25 21:02:47,PUB_034,OFF_CPS_01,1547,Approved,None,75000,50000,25000
CONV_50561,CLK_111302,2026-09-25 21:31:49,PUB_018,OFF_CPS_02,2310,Approved,None,90000,65000,25000
CONV_50652,CLK_113064,2026-09-25 22:36:29,PUB_013,OFF_CPO_03,2424,Rejected,Customer Cancelled,0,0,0
CONV_50809,CLK_116141,2026-09-25 23:03:53,PUB_091,OFF_CPO_01,1,Rejected,Invalid eKYC / OCR Failed,0,0,0
CONV_50633,CLK_112705,2026-09-25 23:41:09,PUB_042,OFF_FIN_03,2,Rejected,Invalid eKYC / OCR Failed,0,0,0
CONV_51001,CLK_119896,2026-09-26 01:49:53,PUB_018,OFF_FIN_01,2088,Pending,Under Review,0,0,0
CONV_51086,CLK_121362,2026-09-26 04:32:25,PUB_066,OFF_FIN_08,2374,Pending,Under Review,0,0,0
CONV_51023,CLK_120167,2026-09-26 06:23:50,PUB_042,OFF_FIN_03,1,Fraud,Duplicate Phone,0,0,0
CONV_50141,CLK_103006,2026-09-26 06:25:17,PUB_001,OFF_CPS_02,1434,Approved,None,90000,65000,25000
CONV_50081,CLK_101826,2026-09-26 06:59:57,PUB_005,OFF_FIN_08,1865,Approved,None,400000,290000,110000
CONV_50522,CLK_110439,2026-09-26 07:26:39,PUB_091,OFF_FIN_03,3,Rejected,Duplicate Phone,0,0,0
CONV_50203,CLK_104087,2026-09-26 08:32:18,PUB_024,OFF_CPO_02,568,Approved,None,280000,195000,85000
CONV_50461,CLK_109371,2026-09-26 09:26:40,PUB_063,OFF_CPO_04,2380,Approved,None,350000,250000,100000
CONV_50509,CLK_110090,2026-09-26 09:56:18,PUB_053,OFF_CPO_02,948,Rejected,Bad Debt History (CIC),0,0,0
CONV_50794,CLK_115809,2026-09-26 12:06:35,PUB_087,OFF_CPO_03,151,Approved,None,330000,240000,90000
CONV_50855,CLK_116917,2026-09-26 12:26:03,PUB_035,OFF_FIN_07,549,Approved,None,320000,230000,90000
CONV_50097,CLK_102079,2026-09-26 14:28:43,PUB_035,OFF_CPO_02,1106,Approved,None,280000,195000,85000
CONV_50390,CLK_107853,2026-09-26 15:50:34,PUB_012,OFF_CPO_02,2302,Approved,None,280000,195000,85000
CONV_50201,CLK_104036,2026-09-26 20:16:51,PUB_018,OFF_CPO_02,2368,Approved,None,280000,195000,85000
CONV_50253,CLK_105177,2026-09-26 20:20:56,PUB_024,OFF_FIN_02,367,Approved,None,130000,95000,35000
CONV_50285,CLK_105801,2026-09-27 01:27:17,PUB_035,OFF_FIN_07,1536,Pending,Under Review,0,0,0
CONV_50199,CLK_104020,2026-09-27 01:58:54,PUB_007,OFF_CPO_03,2590,Pending,Under Review,0,0,0
CONV_51028,CLK_120208,2026-09-27 02:39:49,PUB_042,OFF_CPO_02,3,Rejected,Invalid eKYC / OCR Failed,0,0,0
CONV_50319,CLK_106594,2026-09-27 04:18:26,PUB_096,OFF_FIN_02,328,Approved,None,130000,95000,35000
CONV_50453,CLK_109198,2026-09-27 04:57:04,PUB_077,OFF_CPO_04,1,Rejected,Fake / Bot Traffic,0,0,0
CONV_50934,CLK_118447,2026-09-27 07:24:32,PUB_075,OFF_CPO_03,1896,Approved,None,330000,240000,90000
CONV_50564,CLK_111341,2026-09-27 07:54:48,PUB_069,OFF_CPS_01,1855,Rejected,Invalid Lead Form,0,0,0
CONV_50407,CLK_108286,2026-09-27 08:20:35,PUB_017,OFF_FIN_01,750,Rejected,Bad Debt History (CIC),0,0,0
CONV_50126,CLK_102740,2026-09-27 08:58:40,PUB_082,OFF_FIN_03,1246,Pending,Under Review,0,0,0
CONV_51042,CLK_120505,2026-09-27 09:13:01,PUB_077,OFF_FIN_07,3,Fraud,Invalid eKYC / OCR Failed,0,0,0
CONV_50666,CLK_113418,2026-09-27 09:45:14,PUB_042,OFF_FIN_04,1,Fraud,Duplicate Phone,0,0,0
CONV_50887,CLK_117426,2026-09-27 11:02:04,PUB_042,OFF_FIN_03,1,Rejected,Invalid eKYC / OCR Failed,0,0,0
CONV_50458,CLK_109285,2026-09-27 13:09:04,PUB_024,OFF_CPI_01,2545,Approved,None,45000,30000,15000
CONV_50162,CLK_103497,2026-09-27 13:27:58,PUB_091,OFF_FIN_02,3,Fraud,Duplicate Phone,0,0,0
CONV_50022,CLK_100412,2026-09-27 16:04:55,PUB_018,OFF_FIN_02,499,Approved,None,130000,95000,35000
CONV_50736,CLK_114666,2026-09-27 16:27:54,PUB_004,OFF_CPS_01,2419,Approved,None,75000,50000,25000
CONV_50824,CLK_116373,2026-09-27 16:47:52,PUB_042,OFF_CPO_01,2,Rejected,Invalid eKYC / OCR Failed,0,0,0
CONV_50740,CLK_114793,2026-09-27 20:55:32,PUB_024,OFF_CPO_03,914,Pending,Under Review,0,0,0
CONV_50096,CLK_102069,2026-09-27 21:23:13,PUB_024,OFF_CPS_01,839,Rejected,Duplicate Phone,0,0,0
CONV_50653,CLK_113109,2026-09-27 22:37:19,PUB_077,OFF_CPO_02,4,Fraud,Duplicate Phone,0,0,0
CONV_51102,CLK_121740,2026-09-27 23:15:11,PUB_018,OFF_CPS_01,1608,Approved,None,75000,50000,25000
CONV_50860,CLK_117032,2026-09-28 00:17:29,PUB_077,OFF_CPS_01,3,Fraud,Invalid eKYC / OCR Failed,0,0,0
CONV_50662,CLK_113297,2026-09-28 00:22:39,PUB_091,OFF_CPO_04,2,Rejected,Fake / Bot Traffic,0,0,0
CONV_50979,CLK_119471,2026-09-28 01:34:25,PUB_091,OFF_CPO_01,1,Rejected,Duplicate Phone,0,0,0
CONV_51026,CLK_120192,2026-09-28 02:30:49,PUB_042,OFF_CPI_01,4,Fraud,Duplicate Phone,0,0,0
CONV_51031,CLK_120287,2026-09-28 02:56:10,PUB_018,OFF_FIN_01,997,Approved,None,420000,310000,110000
CONV_50046,CLK_100920,2026-09-28 05:31:01,PUB_012,OFF_CPS_02,1976,Approved,None,90000,65000,25000
CONV_50937,CLK_118471,2026-09-28 05:57:48,PUB_012,OFF_FIN_04,486,Rejected,Bad Debt History (CIC),0,0,0
CONV_50879,CLK_117304,2026-09-28 06:28:00,PUB_018,OFF_CPS_02,51,Approved,None,90000,65000,25000
CONV_50361,CLK_107294,2026-09-28 08:12:06,PUB_035,OFF_CPO_03,2375,Approved,None,330000,240000,90000
CONV_50114,CLK_102535,2026-09-28 09:58:06,PUB_009,OFF_CPS_02,374,Approved,None,90000,65000,25000
CONV_50912,CLK_117867,2026-09-28 10:01:07,PUB_010,OFF_FIN_07,82,Rejected,Invalid Lead Form,0,0,0
CONV_50545,CLK_110866,2026-09-28 11:54:30,PUB_024,OFF_CPO_03,517,Approved,None,330000,240000,90000
CONV_50982,CLK_119594,2026-09-28 12:52:46,PUB_035,OFF_CPO_05,2114,Approved,None,260000,180000,80000
CONV_51038,CLK_120443,2026-09-28 13:00:43,PUB_042,OFF_CPS_02,1,Fraud,Fake / Bot Traffic,0,0,0
CONV_50778,CLK_115545,2026-09-28 15:28:30,PUB_042,OFF_FIN_02,1,Fraud,Invalid eKYC / OCR Failed,0,0,0
CONV_50065,CLK_101439,2026-09-28 17:06:54,PUB_041,OFF_FIN_02,873,Approved,None,130000,95000,35000
CONV_50334,CLK_106911,2026-09-28 17:58:20,PUB_018,OFF_CPO_01,2035,Pending,Under Review,0,0,0
CONV_51043,CLK_120543,2026-09-28 18:32:32,PUB_027,OFF_CPO_01,2157,Approved,None,310000,220000,90000
CONV_50214,CLK_104480,2026-09-28 18:38:50,PUB_035,OFF_FIN_07,1174,Rejected,Bad Debt History (CIC),0,0,0
CONV_50487,CLK_109768,2026-09-28 21:09:15,PUB_088,OFF_CPO_03,1976,Rejected,Invalid Lead Form,0,0,0
CONV_50526,CLK_110493,2026-09-28 23:11:08,PUB_084,OFF_CPS_01,1901,Approved,None,75000,50000,25000
CONV_50516,CLK_110310,2026-09-29 00:04:20,PUB_055,OFF_CPO_05,2488,Rejected,Customer Cancelled,0,0,0
CONV_50133,CLK_102860,2026-09-29 00:04:38,PUB_062,OFF_CPO_02,2035,Approved,None,280000,195000,85000
CONV_50389,CLK_107826,2026-09-29 00:20:02,PUB_093,OFF_CPO_01,2366,Approved,None,310000,220000,90000
CONV_51101,CLK_121736,2026-09-29 00:40:40,PUB_042,OFF_CPO_01,3,Rejected,Fake / Bot Traffic,0,0,0
CONV_50553,CLK_111104,2026-09-29 02:58:58,PUB_091,OFF_CPO_03,4,Fraud,Invalid eKYC / OCR Failed,0,0,0
CONV_50475,CLK_109508,2026-09-29 04:43:50,PUB_077,OFF_FIN_08,2,Fraud,Fake / Bot Traffic,0,0,0
CONV_50090,CLK_101915,2026-09-29 06:21:31,PUB_012,OFF_CPS_02,2642,Approved,None,90000,65000,25000
CONV_50284,CLK_105766,2026-09-29 06:49:39,PUB_052,OFF_FIN_07,2327,Pending,Under Review,0,0,0
CONV_50258,CLK_105348,2026-09-29 08:18:45,PUB_012,OFF_FIN_07,2249,Approved,None,320000,230000,90000
CONV_50709,CLK_114165,2026-09-29 09:06:49,PUB_091,OFF_CPO_01,2,Approved,Invalid eKYC / OCR Failed,310000,220000,90000
CONV_50352,CLK_107118,2026-09-29 10:21:10,PUB_024,OFF_FIN_03,2244,Pending,Under Review,0,0,0
CONV_50618,CLK_112367,2026-09-29 10:41:57,PUB_026,OFF_FIN_06,1695,Rejected,Customer Cancelled,0,0,0
CONV_50941,CLK_118610,2026-09-29 11:41:38,PUB_065,OFF_CPO_03,96,Approved,None,330000,240000,90000
CONV_51068,CLK_121006,2026-09-29 13:52:41,PUB_024,OFF_CPO_01,888,Approved,None,310000,220000,90000
CONV_50865,CLK_117088,2026-09-29 14:10:44,PUB_018,OFF_CPO_01,1958,Approved,None,310000,220000,90000
CONV_50044,CLK_100910,2026-09-29 15:49:54,PUB_042,OFF_FIN_02,1,Rejected,Fake / Bot Traffic,0,0,0
CONV_50194,CLK_103951,2026-09-29 17:40:10,PUB_091,OFF_CPS_01,1,Fraud,Invalid eKYC / OCR Failed,0,0,0
CONV_50026,CLK_100506,2026-09-29 17:40:56,PUB_035,OFF_FIN_08,669,Approved,None,400000,290000,110000
CONV_50184,CLK_103866,2026-09-29 18:32:27,PUB_042,OFF_CPO_04,3,Rejected,Fake / Bot Traffic,0,0,0
CONV_50756,CLK_115123,2026-09-29 21:36:40,PUB_077,OFF_FIN_04,2,Fraud,Duplicate Phone,0,0,0
CONV_50715,CLK_114274,2026-09-29 22:20:21,PUB_035,OFF_CPO_01,448,Approved,None,310000,220000,90000
CONV_50677,CLK_113588,2026-09-29 23:34:56,PUB_001,OFF_CPO_05,77,Pending,Under Review,0,0,0
CONV_50767,CLK_115292,2026-09-29 23:36:25,PUB_084,OFF_CPO_04,420,Approved,None,350000,250000,100000
CONV_50210,CLK_104434,2026-09-30 00:17:42,PUB_005,OFF_FIN_03,1314,Approved,None,145000,105000,40000
CONV_50691,CLK_113809,2026-09-30 02:09:47,PUB_001,OFF_FIN_02,383,Approved,None,130000,95000,35000
CONV_50973,CLK_119343,2026-09-30 02:37:26,PUB_012,OFF_FIN_01,73,Approved,None,420000,310000,110000
CONV_50894,CLK_117546,2026-09-30 07:08:20,PUB_018,OFF_CPS_02,1431,Approved,None,90000,65000,25000
CONV_50930,CLK_118334,2026-09-30 07:34:42,PUB_035,OFF_FIN_02,1990,Approved,None,130000,95000,35000
CONV_50859,CLK_117023,2026-09-30 09:40:20,PUB_025,OFF_FIN_03,292,Approved,None,145000,105000,40000
CONV_50292,CLK_105886,2026-09-30 10:04:12,PUB_050,OFF_CPO_05,1447,Approved,None,260000,180000,80000
CONV_50408,CLK_108295,2026-09-30 11:37:04,PUB_093,OFF_FIN_05,2144,Pending,Under Review,0,0,0
CONV_51114,CLK_121871,2026-09-30 13:20:39,PUB_035,OFF_CPO_01,87,Pending,Under Review,0,0,0
CONV_50946,CLK_118757,2026-09-30 13:22:57,PUB_042,OFF_FIN_02,2,Rejected,Invalid eKYC / OCR Failed,0,0,0
CONV_50998,CLK_119846,2026-09-30 14:33:08,PUB_035,OFF_CPO_01,1523,Rejected,Duplicate Phone,0,0,0
CONV_50598,CLK_112020,2026-09-30 17:23:45,PUB_018,OFF_CPS_02,175,Approved,None,90000,65000,25000
CONV_50645,CLK_112912,2026-09-30 17:55:14,PUB_077,OFF_FIN_05,3,Rejected,Fake / Bot Traffic,0,0,0
CONV_50707,CLK_114112,2026-09-30 19:57:35,PUB_013,OFF_FIN_08,739,Rejected,Invalid Lead Form,0,0,0
CONV_50472,CLK_109468,2026-09-30 20:34:49,PUB_077,OFF_FIN_08,3,Rejected,Duplicate Phone,0,0,0
CONV_50383,CLK_107736,2026-09-30 21:56:26,PUB_012,OFF_FIN_04,601,Approved,None,480000,350000,130000
CONV_50847,CLK_116725,2026-09-30 22:04:24,PUB_012,OFF_FIN_04,2222,Rejected,Customer Cancelled,0,0,0
CONV_50083,CLK_101869,2026-09-30 22:51:46,PUB_086,OFF_FIN_06,2293,Approved,None,290000,210000,80000
